YAL051W,0.0081626510168649295
YAL051W,0.00063872508301271902
YAL051W,0.026195060841075538
YAL051W,0.017018552809860994
YAL051W,0.010066564983589264
YAL051W,0.0073572492404668276
YAL051W,0.00089893821567616676
YAL051W,0.036108325915154504
YAL051W,0.018879794495463589
YAL051W,0.27637583083787731
YBL005W,0.14104045937294485
YBL005W,0.31646765271513461
YBL005W,0.65744197265522708
YBL005W,1
YBL005W,0.10074388055791787
YBL005W,0.15174032281611508
YBL005W,0.31032836408368547
YBL005W,1
YBL005W,0.34585927946641337
YBL005W,1
YBL008W,1
YBL008W,1
YBL008W,1
YBL008W,1
YBL008W,1
YBL008W,1
YBL008W,1
YBL008W,1
YBL008W,0.12074823147239766
YBL008W,1
YBL021C,1
YBL021C,1
YBL021C,1
YBL021C,1
YBL021C,0.044638925726451492
YBL021C,1
YBL021C,0.73888757759129009
YBL021C,0.35621863455517777
YBL021C,1
YBL021C,1
YBL054W,0.007526236979569256
YBL054W,0.055980940029708895
YBL054W,0.042821740428704458
YBL054W,0.10265926871064029
YBL054W,0.002089654963586581
YBL054W,0.42470552588471699
YBL054W,0.00072708059565160796
YBL054W,0.085082668877167977
YBL054W,0.029444258448090302
YBL054W,0.012120078095890824
YBL103C,0.19095228799962963
YBL103C,0.018735539740909402
YBL103C,0.25285200878083708
YBL103C,0.13660409561301981
YBL103C,0.00074109907598423925
YBL103C,0.004159462024598882
YBL103C,0.47604641657624924
YBL103C,0.076279058614615536
YBL103C,0.25605112082905451
YBL103C,0.16589282279207873
YBR033W,0.094476314532382893
YBR033W,0.1235780318628863
YBR033W,0.17620832559036442
YBR033W,0.020008458650778514
YBR033W,0.045073026908337671
YBR033W,0.44463220842109497
YBR033W,0.077500938264107339
YBR033W,0.19269984999726952
YBR033W,0.031390560403113082
YBR033W,0.0051387696339553887
YBR049C,0.76937355263632401
YBR049C,0.14304782598990115
YBR049C,0.065651489137656588
YBR049C,0.0078372447663300881
YBR049C,1
YBR049C,0.084090433217479471
YBR049C,1
YBR049C,0.10291594161899675
YBR049C,0.18462574747233768
YBR049C,0.010839790285135428
YBR083W,0.010533268429127196
YBR083W,0.70832023724326398
YBR083W,0.52249337484373037
YBR083W,0.076977900703686195
YBR083W,0.022899201403628659
YBR083W,0.35605039735374883
YBR083W,0.28880218950637859
YBR083W,0.60622542755995545
YBR083W,1
YBR083W,0.32152889304141241
YBR150C,0.0012000439226977932
YBR150C,0.10280615633935511
YBR150C,0.24359391962911325
YBR150C,1
YBR150C,1
YBR150C,0.001415367610965417
YBR150C,1
YBR150C,0.0022448759166828797
YBR150C,1
YBR150C,0.071901998606931486
YBR182C,0.064483438356314704
YBR182C,0.27828775439487224
YBR182C,0.0096516915231253456
YBR182C,0.054135857349841429
YBR182C,0.42919405244419556
YBR182C,0.0041769638711087976
YBR182C,0.084804210880629546
YBR182C,0.12274866930066866
YBR182C,0.023505677203066351
YBR182C,0.033577328861485269
YBR239C,0.01454483525749576
YBR239C,0.44033458541503112
YBR239C,0.1193807880680179
YBR239C,1
YBR239C,1
YBR239C,1
YBR239C,1
YBR239C,1
YBR239C,1
YBR239C,1
YBR240C,0.15229873818444989
YBR240C,1
YBR240C,1
YBR240C,0.0077938636488687355
YBR240C,0.060471490348551947
YBR240C,1
YBR240C,1
YBR240C,0.48659565150737022
YBR240C,0.38908179966180595
YBR240C,0.26882684187950906
YBR297W,0.10989533604576995
YBR297W,0.47054216248923375
YBR297W,0.034589600382810178
YBR297W,0.12763235907010625
YBR297W,0.29771725106185232
YBR297W,0.28697695208622631
YBR297W,0.0098535078965663152
YBR297W,0.0035675990532356471
YBR297W,0.42239321905977939
YBR297W,0.60055785704072329
YCR018C,0.53887937178098411
YCR018C,0.04928537273369081
YCR018C,1
YCR018C,1
YCR018C,0.23098670161532658
YCR018C,0.12950750149101942
YCR018C,0.3533388531709406
YCR018C,0.24350034459526235
YCR018C,1
YCR018C,0.21388919348149443
YCR106W,0.54848103454262964
YCR106W,0.42827630925315568
YCR106W,0.22845190868754103
YCR106W,0.023639354434099809
YCR106W,1
YCR106W,0.19910140250028158
YCR106W,0.04260443864745718
YCR106W,0.0115160187901658
YCR106W,0.16797607225343675
YCR106W,0.083302735347114035
YDL020C,0.027766293038913079
YDL020C,0.031381296480708892
YDL020C,0.11168865780180863
YDL020C,0.17045422667315541
YDL020C,1
YDL020C,0.00048688684231832009
YDL020C,0.021095704409183957
YDL020C,0.13273528860909756
YDL020C,0.040351306863160907
YDL020C,0.0033637677614918289
YDL048C,0.10130701807836917
YDL048C,0.076064602886953533
YDL048C,0.018191964008691993
YDL048C,0.1011724031766621
YDL048C,0.082877135315466796
YDL048C,0.045728646726242606
YDL048C,0.17614442916896353
YDL048C,0.21577297465948425
YDL048C,0.038386909358917261
YDL048C,0.11694453070692214
YDL056W,1
YDL056W,0.02823605316713905
YDL056W,1
YDL056W,0.30902479709322861
YDL056W,1
YDL056W,0.29030790597932221
YDL056W,0.84760462924772695
YDL056W,0.018847923137797821
YDL056W,1
YDL056W,0.3343216731370508
YDL106C,0.11288850634684958
YDL106C,0.11111109810061766
YDL106C,1
YDL106C,0.23089886114860333
YDL106C,0.0061439438619415926
YDL106C,0.1940233969061623
YDL106C,0.079707850321965645
YDL106C,0.10576732690467733
YDL106C,0.021601449428125783
YDL106C,0.017929733702905983
YDL170W,0.084291472731398351
YDL170W,0.011223796992905734
YDL170W,0.015358381944594371
YDL170W,0.04458286283138703
YDL170W,1
YDL170W,0.033835811515359998
YDL170W,0.35739248290316461
YDL170W,0.015301528899752663
YDL170W,0.046957017956124752
YDL170W,1
YDR009W,0.483278366207881
YDR009W,0.34057470184893807
YDR009W,1
YDR009W,1
YDR009W,1
YDR009W,0.10038687002912983
YDR009W,0.44338360651751668
YDR009W,0.17438520421342532
YDR009W,1
YDR009W,1
YDR026C,0.48974378192468948
YDR026C,0.13197448057649153
YDR026C,0.24052954136863322
YDR026C,0.48823731883937538
YDR026C,1
YDR026C,1
YDR026C,0.044297492989928085
YDR026C,1
YDR026C,0.33101487609044622
YDR026C,0.17438976739990295
YDR043C,0.28484176180094722
YDR043C,0.082342144198955747
YDR043C,0.68671068316350725
YDR043C,0.0087041801748164588
YDR043C,0.0094672512172881453
YDR043C,0.063528908152852198
YDR043C,0.65302025431514799
YDR043C,0.17696823313280427
YDR043C,0.24756878861116241
YDR043C,0.10117888143065255
YDR049W,1
YDR049W,1
YDR049W,1
YDR049W,1
YDR049W,1
YDR049W,1
YDR049W,1
YDR049W,0.45863669299769427
YDR049W,0.22973242310222547
YDR049W,0.06421611440906462
YDR081C,0.13876349823247092
YDR081C,1
YDR081C,1
YDR081C,1
YDR081C,1
YDR081C,1
YDR081C,1
YDR081C,1
YDR081C,1
YDR081C,1
YDR123C,0.25982703849186767
YDR123C,0.31037232049337138
YDR123C,0.012110001672127613
YDR123C,0.4212408281935307
YDR123C,1
YDR123C,0.026746259263165095
YDR123C,0.43778694834413129
YDR123C,1
YDR123C,0.15004322201735634
YDR123C,0.49857153206775801
YDR146C,0.2091401265463716
YDR146C,0.012773807731912858
YDR146C,0.019238132207928884
YDR146C,0.013072819415033845
YDR146C,0.0037848448533929222
YDR146C,0.045808033013268551
YDR146C,0.0064031001012660425
YDR146C,0.82483466405706518
YDR146C,0.14058327494771841
YDR146C,0.10353182304428443
YDR207C,0.19966010462107359
YDR207C,0.062258225780283907
YDR207C,0.67411447590726226
YDR207C,1
YDR207C,1
YDR207C,1
YDR207C,0.021567500780365303
YDR207C,0.054764773992776371
YDR207C,0.026491578698166717
YDR207C,1
YDR213W,0.38034015182711656
YDR213W,0.050953103153586421
YDR213W,0.037970487545519634
YDR213W,0.024115478062238259
YDR213W,0.015589744227082144
YDR213W,0.059022770065011956
YDR213W,0.060869670105206393
YDR213W,0.27268642079267635
YDR213W,0.027737391559617679
YDR213W,0.03667193213653136
YDR216W,0.60987049037920782
YDR216W,0.12645059966004973
YDR216W,0.33216599664062463
YDR216W,0.18350180948275113
YDR216W,0.036142739171485659
YDR216W,0.0060073722606590555
YDR216W,0.37462688378080949
YDR216W,0.35532224063224382
YDR216W,0.084767841200268562
YDR216W,0.78097082453091338
YDR253C,0.1210778372223032
YDR253C,0.003787334628210853
YDR253C,0.27543340905377284
YDR253C,0.030381725990067398
YDR253C,0.0086642342372439327
YDR253C,0.047181340235346092
YDR253C,0.036213851307652367
YDR253C,1
YDR253C,0.0054916555988030512
YDR253C,0.026568083216272818
YDR259C,1
YDR259C,0.087033438818876055
YDR259C,1
YDR259C,0.053976569338011857
YDR259C,0.077745730966202034
YDR259C,0.41041101031613708
YDR259C,0.28980369625064861
YDR259C,0.13177444859732193
YDR259C,0.0013258085144767337
YDR259C,1
YDR266C,1
YDR266C,0.24516123991075026
YDR266C,0.22453704325120283
YDR266C,0.89870989473240603
YDR266C,1
YDR266C,1
YDR266C,1
YDR266C,1
YDR266C,1
YDR266C,0.52115463426857622
YDR277C,0.0067439699966709244
YDR277C,0.4169476967994698
YDR277C,0.070859363724842139
YDR277C,0.081477841081716934
YDR277C,0.21721358737023766
YDR277C,0.062214667629164666
YDR277C,1
YDR277C,0.0032091326867361436
YDR277C,0.21619945678083416
YDR277C,0.020366644517312529
YDR310C,0.0046180651749451306
YDR310C,0.048249774982581359
YDR310C,0.058807717223977429
YDR310C,0.070620576035475238
YDR310C,0.064687241860199557
YDR310C,0.077498921041646116
YDR310C,0.0041677169039543559
YDR310C,0.038328163167758764
YDR310C,0.144639036301835
YDR310C,0.047490757323915035
YDR421W,1
YDR421W,1
YDR421W,1
YDR421W,0.28774438634529814
YDR421W,0.20972611445609762
YDR421W,1
YDR421W,1
YDR421W,0.22139307174506659
YDR421W,0.21076112373351383
YDR421W,0.053424432431271006
YDR423C,0.13606160130927156
YDR423C,1
YDR423C,0.21090683080061459
YDR423C,1
YDR423C,1
YDR423C,1
YDR423C,1
YDR423C,0.11394029874474212
YDR423C,1
YDR423C,0.93973361456909144
YDR451C,1
YDR451C,0.15487885422699996
YDR451C,0.050939723521502674
YDR451C,1
YDR451C,1
YDR451C,1
YDR451C,1
YDR451C,1
YDR451C,1
YDR451C,0.049065552864895098
YDR463W,1
YDR463W,0.099172051504407582
YDR463W,1
YDR463W,1
YDR463W,1
YDR463W,1
YDR463W,1
YDR463W,1
YDR463W,0.18826053360256209
YDR463W,1
YDR477W,0.12203398724873538
YDR477W,1
YDR477W,0.24924141528377836
YDR477W,0.4079343317155471
YDR477W,0.01349091258120259
YDR477W,0.48879935082758752
YDR477W,0.46909669370613521
YDR477W,0.79553967627233668
YDR477W,0.38635132291783197
YDR477W,0.0016322938377373562
YDR520C,0.49857153206597943
YDR520C,0.095115649467086213
YDR520C,0.6913328536485247
YDR520C,1
YDR520C,1
YDR520C,1
YDR520C,0.97065814387396498
YDR520C,1
YDR520C,0.088527582758112275
YDR520C,0.061809753497195384
YEL009C,0.22002348065608821
YEL009C,0.012150348563957582
YEL009C,0.036669155727403223
YEL009C,0.23222617037085758
YEL009C,0.0082414649139482161
YEL009C,0.040459718450763509
YEL009C,0.030291935271269999
YEL009C,0.04392187944825067
YEL009C,0.011199844330223712
YEL009C,0.56854503272301737
YER028C,0.16350763114895447
YER028C,0.091472650689501986
YER028C,0.61462442102211046
YER028C,0.38564215114024719
YER028C,0.14172397910849846
YER028C,0.23047313225682345
YER028C,0.012842683310228854
YER028C,1
YER028C,0.29358608282587983
YER028C,0.04000528728617847
YER040W,0.033538255766831643
YER040W,0.027191757074118288
YER040W,0.036969266191227097
YER040W,0.41843903832374024
YER040W,0.010579541781654791
YER040W,0.011492326441892426
YER040W,0.047928109728847645
YER040W,0.031001582048843387
YER040W,0.0081650836597903925
YER040W,0.0013936883209519067
YER045C,0.37476986975500254
YER045C,1
YER045C,1
YER045C,0.1021429407894968
YER045C,0.11029739375871601
YER045C,0.040753458063036596
YER045C,0.07796399373967236
YER045C,0.031423106982391577
YER045C,0.0067518027399933404
YER045C,0.42822649445294492
YER051W,1
YER051W,0.00076759229806832631
YER051W,0.10202429745113545
YER051W,1
YER051W,0.27440372845797517
YER051W,0.34860729997052925
YER051W,0.44139433186323596
YER051W,0.23834980180915788
YER051W,0.083084334557122122
YER051W,0.12654126021925638
YER068W,1
YER068W,1
YER068W,1
YER068W,1
YER068W,1
YER068W,1
YER068W,0.09029621139432055
YER068W,1
YER068W,1
YER068W,1
YER088C,0.084593651711634951
YER088C,0.058464009708725409
YER088C,0.15446179587078887
YER088C,0.011284157716714621
YER088C,0.037852295440027495
YER088C,0.094999999468926871
YER088C,0.4617218018559584
YER088C,1
YER088C,0.22857126649647766
YER088C,0.1190404784263612
YER111C,0.59676981392685335
YER111C,0.62398258551830521
YER111C,0.045311138160132207
YER111C,0.09779391013844016
YER111C,0.26104142798730207
YER111C,1
YER111C,0.12246032953037099
YER111C,0.015783105386429609
YER111C,0.029006911216251739
YER111C,0.23528774166843774
YER130C,0.039488413777818976
YER130C,1
YER130C,0.01221129362785124
YER130C,0.092928607346748959
YER130C,0.030851702159688171
YER130C,0.065717605583904604
YER130C,0.26291949243971829
YER130C,0.0049303703216622176
YER130C,0.017425080549454616
YER130C,0.25378116261370431
YER161C,0.027930573497975973
YER161C,1
YER161C,0.064185210276693966
YER161C,0.59377111996952214
YER161C,1
YER161C,0.40324488985638623
YER161C,0.020877969327924788
YER161C,0.2115322802198002
YER161C,1
YER161C,0.0015901652213373785
YER169W,0.00045984984309290812
YER169W,0.46893089978777897
YER169W,0.52863256182042739
YER169W,0.079569601724510761
YER169W,0.59873898958928562
YER169W,0.15468861886870547
YER169W,0.17023645921683564
YER169W,0.2484840813866849
YER169W,0.17280484954110897
YER169W,0.67148046799680161
YER184C,0.12830422711439554
YER184C,0.004570567891384456
YER184C,0.19209263154826375
YER184C,0.09094604488794826
YER184C,1
YER184C,0.36182301141830359
YER184C,0.5318880882171001
YER184C,0.11155464906468246
YER184C,0.0043962040160784874
YER184C,1
YFL021W,0.10813918741099815
YFL021W,0.0060309426971867147
YFL021W,0.22632213248559596
YFL021W,0.50381396750482277
YFL021W,1
YFL021W,0.17952372759031612
YFL021W,0.04709678362959905
YFL021W,0.017830561878917992
YFL021W,0.1077909710685712
YFL021W,0.0069954596717709946
YFL031W,0.028288614291253497
YFL031W,0.17341672442760234
YFL031W,0.0046597202589918341
YFL031W,0.12550985364773168
YFL031W,0.18331015562229211
YFL031W,0.39426523523946688
YFL031W,0.0091219724426231507
YFL031W,0.087149815437411224
YFL031W,0.33031843815270423
YFL031W,0.084510999613189405
YFL044C,0.87618379090849774
YFL044C,1
YFL044C,0.32092005263101042
YFL044C,0.016164746324076724
YFL044C,0.53983546894782131
YFL044C,1
YFL044C,0.31594401493037688
YFL044C,0.020201121287569301
YFL044C,0.19249267449163893
YFL044C,0.10930690365790029
YFL052W,1
YFL052W,1
YFL052W,1
YFL052W,1
YFL052W,1
YFL052W,0.046058824965574521
YFL052W,1
YFL052W,0.011095240660241319
YFL052W,0.68347830016612399
YFL052W,1
YFR034C,0.0063303697621094803
YFR034C,0.10050251162959786
YFR034C,0.033867622946126635
YFR034C,0.037915965329097807
YFR034C,0.0029599094097118982
YFR034C,0.17808160180455029
YFR034C,0.019104274106618881
YFR034C,0.00023577527239724378
YFR034C,0.066795562403750383
YFR034C,0.0047371250331583927
YGL013C,0.032618604636524849
YGL013C,0.0084358911748192815
YGL013C,0.058268275156037934
YGL013C,0.32514180690176292
YGL013C,1
YGL013C,1
YGL013C,0.27512135727468767
YGL013C,1
YGL013C,0.2233807899026895
YGL013C,0.051178973676970871
YGL035C,0.41921215902121484
YGL035C,0.0085730851950129427
YGL035C,0.0073759017718900118
YGL035C,0.08487041802924658
YGL035C,0.058787918531638228
YGL035C,0.002968954774054539
YGL035C,0.15401246640889485
YGL035C,0.018128771721720758
YGL035C,0.017495153460825894
YGL035C,0.20065508313901778
YGL071W,0.10082337764333173
YGL071W,0.080522348972001084
YGL071W,0.021183553345653101
YGL071W,0.020953969868185034
YGL071W,0.012399187784135013
YGL071W,0.27000288932637967
YGL071W,0.02662363650149421
YGL071W,0.052315509614550032
YGL071W,0.018183664034619358
YGL071W,0.00029653913249143532
YGL073W,0.1345745450784106
YGL073W,0.21129686220354138
YGL073W,0.51282050579390925
YGL073W,0.039514441045439844
YGL073W,0.16414527037208235
YGL073W,0.22603534119290117
YGL073W,0.044998107450739171
YGL073W,0.047800663109069538
YGL073W,1
YGL073W,1
YGL096W,0.59563067772045986
YGL096W,0.0018243535292686464
YGL096W,1
YGL096W,1
YGL096W,0.010942134749421953
YGL096W,1
YGL096W,0.085705448160709408
YGL096W,1
YGL096W,0.11746687149846294
YGL096W,1
YGL131C,1
YGL131C,1
YGL131C,0.034139661009403403
YGL131C,0.11426049886298596
YGL131C,1
YGL131C,1
YGL131C,0.18883413408903996
YGL131C,0.420618764142282
YGL131C,1
YGL131C,1
YGL162W,0.33700096673693863
YGL162W,1
YGL162W,0.66187334359944938
YGL162W,0.25191203196451573
YGL162W,0.40074343654354982
YGL162W,0.17146922832098577
YGL162W,0.63041843746801407
YGL162W,0.010035124103052868
YGL162W,0.32776983645627339
YGL162W,0.031846194555054171
YGL181W,1
YGL181W,1
YGL181W,1
YGL181W,0.19254630516475615
YGL181W,1
YGL181W,1
YGL181W,1
YGL181W,1
YGL181W,0.51595441564883171
YGL181W,0.072239588719533912
YGL197W,0.12390559276982424
YGL197W,0.094869666002412173
YGL197W,1
YGL197W,0.072166486531729121
YGL197W,1
YGL197W,0.037347573304670034
YGL197W,0.26041310111246174
YGL197W,0.59113171983171353
YGL197W,0.020451101751168373
YGL197W,0.58319502992038208
YGL209W,0.22747139212632661
YGL209W,0.027342402116122967
YGL209W,0.44876055660437653
YGL209W,0.18300618976443281
YGL209W,0.033046708351684925
YGL209W,0.39840265876350345
YGL209W,0.26920982157910756
YGL209W,0.60609754465390697
YGL209W,0.076304721769818284
YGL209W,0.12141697782825306
YGL237C,1
YGL237C,0.20526686481173087
YGL237C,0.012404966600021218
YGL237C,0.084090847603300795
YGL237C,0.25205340952664707
YGL237C,0.18148208008329497
YGL237C,1
YGL237C,0.030217540629094479
YGL237C,1
YGL237C,0.081235656799168734
YGL254W,1
YGL254W,0.7790027798166328
YGL254W,0.012369980767833882
YGL254W,0.013342262149211736
YGL254W,0.0023741774950637195
YGL254W,0.0073677532651346004
YGL254W,1
YGL254W,1
YGL254W,0.12100710784112742
YGL254W,1
YGR040W,0.11686144107126656
YGR040W,0.18361483688569163
YGR040W,0.32288072103349919
YGR040W,0.00068957162508972796
YGR040W,0.49623523095488942
YGR040W,0.058936650806848616
YGR040W,0.4985898337605652
YGR040W,0.29876798876022037
YGR040W,0.081456584786660111
YGR040W,1
YGR044C,0.13285704602002141
YGR044C,0.079834402149468617
YGR044C,0.090991513671589974
YGR044C,0.013816065676237775
YGR044C,0.14766549705976076
YGR044C,0.0012270122867936162
YGR044C,0.043802394923443955
YGR044C,0.020712541998603659
YGR044C,0.00074994732693267033
YGR044C,0.19582205600853236
YGR067C,0.031270813838842081
YGR067C,1
YGR067C,0.22247135346664643
YGR067C,0.0051077070162079798
YGR067C,0.041110242581832296
YGR067C,0.78655879178247645
YGR067C,0.39640756090521956
YGR067C,0.27736766793899642
YGR067C,0.11543270265602816
YGR067C,0.3576702721891839
YGR089W,1
YGR089W,1
YGR089W,1
YGR089W,1
YGR089W,1
YGR089W,1
YGR089W,0.73300183260003071
YGR089W,1
YGR089W,1
YGR089W,0.45653094252735499
YGR097W,1
YGR097W,0.087360015170052624
YGR097W,0.13852223539529079
YGR097W,0.31998824282889682
YGR097W,0.53264093770047904
YGR097W,1
YGR097W,0.039856139830914197
YGR097W,0.11202690252026139
YGR097W,0.048314882763876368
YGR097W,1
YGR249W,0.16388269785272108
YGR249W,0.43770431171736501
YGR249W,0.21368274429994735
YGR249W,0.016209820092669729
YGR249W,0.14758867963002389
YGR249W,0.096259228971340052
YGR249W,0.35997973212202616
YGR249W,0.0054242486060806748
YGR249W,0.31745053338116103
YGR249W,0.0077752573074435704
YGR288W,0.19416752120073244
YGR288W,0.019361823909668223
YGR288W,0.079526162228472613
YGR288W,0.55348271119347436
YGR288W,0.56250404274197319
YGR288W,0.051389969650784219
YGR288W,0.071719516367308944
YGR288W,0.28207326732977167
YGR288W,0.1321789170614604
YGR288W,0.095935234239137593
YHL009C,0.5555022383113275
YHL009C,0.0054536660143856691
YHL009C,0.021706420893794886
YHL009C,0.1831647037815734
YHL009C,0.35898722989628012
YHL009C,0.49190263129029221
YHL009C,0.0028440755095002295
YHL009C,0.33918107605757669
YHL009C,0.25879210854985246
YHL009C,0.009727608558884486
YHL020C,0.038694259879618699
YHL020C,0.28015859761304168
YHL020C,0.095000928621658709
YHL020C,0.0048290793295252136
YHL020C,0.078132878080525534
YHL020C,0.43837256501116378
YHL020C,0.15631898743570369
YHL020C,0.099480160129918782
YHL020C,0.25102464524907175
YHL020C,0.54262553704621985
YHL027W,0.063758625320398957
YHL027W,1
YHL027W,1
YHL027W,1
YHL027W,0.76108178610324029
YHL027W,0.1633421174688317
YHL027W,0.10893413273183973
YHL027W,0.31201778008017528
YHL027W,0.010635695317891027
YHL027W,1
YHR006W,0.033577653484143904
YHR006W,0.14325131599622151
YHR006W,0.12826850318497776
YHR006W,0.028286778093262341
YHR006W,0.18441628403886717
YHR006W,0.066949407122779053
YHR006W,1
YHR006W,0.33454622365509434
YHR006W,0.081554647345150541
YHR006W,0.13956746483873436
YHR084W,0.26533953511589325
YHR084W,0.031015832633635936
YHR084W,0.16334211746910246
YHR084W,0.082592727772454869
YHR084W,0.050549460066548861
YHR084W,0.33300832033078986
YHR084W,0.23658273657744414
YHR084W,1
YHR084W,0.048006019196522587
YHR084W,0.075057399361152188
YHR124W,0.17154412258185531
YHR124W,0.084665771123949254
YHR124W,0.032843578207638988
YHR124W,0.0087743411976958056
YHR124W,0.0038851486107691125
YHR124W,0.073271936408925403
YHR124W,0.014469946182098532
YHR124W,0.010493433421267385
YHR124W,0.091097606725934727
YHR124W,0.010424468912713751
YHR178W,0.053704919888044766
YHR178W,0.013424300844886539
YHR178W,0.47030791761004792
YHR178W,0.505240472373509
YHR178W,0.18778429529011831
YHR178W,0.19167867801950439
YHR178W,0.0095796435209375471
YHR178W,1
YHR178W,0.050635551301346345
YHR178W,0.09806897445985803
YHR206W,0.012760248824343597
YHR206W,0.0014121647762116458
YHR206W,0.57250621095514831
YHR206W,1
YHR206W,0.12168020913334202
YHR206W,1
YHR206W,0.36669874919300532
YHR206W,0.13210417419839282
YHR206W,0.82571823949237788
YHR206W,1
YIL036W,1
YIL036W,1
YIL036W,0.011728081484678719
YIL036W,0.1527825366368519
YIL036W,1
YIL036W,1
YIL036W,0.032015030705228237
YIL036W,0.057791084563201651
YIL036W,0.1320916514306045
YIL036W,0.022097704718487488
YIL101C,0.049723301124063771
YIL101C,0.07686495371373106
YIL101C,0.098425014882099718
YIL101C,0.1042351374732602
YIL101C,0.030235562552507929
YIL101C,0.17193178923399954
YIL101C,0.093111962679318927
YIL101C,0.7244479237422885
YIL101C,0.022557763412819152
YIL101C,0.046625295684021371
YIL119C,1
YIL119C,0.00044173453606717524
YIL119C,0.099164352284011575
YIL119C,0.23917343210856634
YIL119C,0.21111383445313631
YIL119C,1
YIL119C,1
YIL119C,0.37729036334826072
YIL119C,0.051935213806150349
YIL119C,1
YIL128W,1
YIL128W,0.38121277705484263
YIL128W,0.15776945234263656
YIL128W,0.86442677478851682
YIL128W,0.28737017151667688
YIL128W,1
YIL128W,0.0011549173147880453
YIL128W,0.81401445522726679
YIL128W,1
YIL128W,1
YIL131C,0.00034328105092255618
YIL131C,0.015014038002334374
YIL131C,0.043090234710958492
YIL131C,0.026997172674126282
YIL131C,0.34161857814002872
YIL131C,0.36149484894176398
YIL131C,0.13188961507933836
YIL131C,0.019402599348278309
YIL131C,0.001487363724398315
YIL131C,0.0067486860317930572
YIR017C,0.19699322156762955
YIR017C,0.0086165515856840864
YIR017C,0.047190623500887728
YIR017C,0.11430249810602502
YIR017C,0.1607327385287641
YIR017C,0.00034818876195526774
YIR017C,0.078712574541575056
YIR017C,0.76371141618371408
YIR017C,0.17664259278635003
YIR017C,0.60261854945304172
YIR018W,1
YIR018W,1
YIR018W,1
YIR018W,0.55424312605651471
YIR018W,1
YIR018W,1
YIR018W,0.040229623951744217
YIR018W,1
YIR018W,1
YIR018W,1
YIR023W,0.019886035765790875
YIR023W,0.0047068999832397549
YIR023W,0.032809152433958558
YIR023W,0.59864870334653708
YIR023W,0.15051878904782218
YIR023W,0.12013993033577711
YIR023W,0.12249574347219426
YIR023W,0.19156252740862448
YIR023W,0.24912019563230176
YIR023W,1
YJL056C,0.30613870454787717
YJL056C,0.43289118728751735
YJL056C,0.097731045293226418
YJL056C,0.24799245090036584
YJL056C,0.011039566554300896
YJL056C,0.011930974986944698
YJL056C,0.46189620351954541
YJL056C,0.13965505879678791
YJL056C,0.12697163413966861
YJL056C,0.0085061074687330061
YJL089W,0.063656247455314632
YJL089W,1
YJL089W,0.54924560531937805
YJL089W,1
YJL089W,0.012360344142617432
YJL089W,1
YJL089W,0.46141584278517778
YJL089W,0.4576306237066175
YJL089W,1
YJL089W,0.47604325417888843
YJL110C,0.027672606938427477
YJL110C,0.022818110409021892
YJL110C,0.068411593468430842
YJL110C,0.00051464057099235422
YJL110C,0.015645483979686538
YJL110C,0.0087041592276325321
YJL110C,0.0024439802717863574
YJL110C,0.0013164006129799089
YJL110C,0.020368637858024764
YJL110C,0.0021953916489542567
YJL127C,1
YJL127C,1
YJL127C,1
YJL127C,1
YJL127C,0.84584820479365352
YJL127C,1
YJL127C,0.42687997373112457
YJL127C,0.02510121069904598
YJL127C,1
YJL127C,1
YJL206C,0.034131213645229648
YJL206C,0.00055395294925797661
YJL206C,1
YJL206C,0.24294236075188738
YJL206C,1
YJL206C,1
YJL206C,1
YJL206C,1
YJL206C,0.42768289256353487
YJL206C,0.27072180339801089
YJR060W,0.096893572378922571
YJR060W,0.011989882906778335
YJR060W,0.14336805472012271
YJR060W,0.028350712263629299
YJR060W,0.0010019516373615052
YJR060W,6.7991302674094616e-05
YJR060W,0.078844243314761614
YJR060W,0.0015630661950067914
YJR060W,0.049278385668708943
YJR060W,0.022849481294332182
YJR094C,1
YJR094C,0.026943877154921317
YJR094C,0.25349503516046673
YJR094C,0.18359859191055136
YJR094C,0.53072993642754107
YJR094C,0.076164428866666647
YJR094C,0.079465140951313601
YJR094C,0.0018658292309871325
YJR094C,0.030393348064839412
YJR094C,0.31313460617447858
YJR127C,0.011420164344898238
YJR127C,0.37264228833073804
YJR127C,1
YJR127C,0.010106173526606178
YJR127C,0.010849630513540556
YJR127C,0.06537989261143462
YJR127C,0.25446381403634161
YJR127C,1
YJR127C,0.15836571392852786
YJR127C,0.10216069134215357
YJR140C,1
YJR140C,1
YJR140C,1
YJR140C,1
YJR140C,1
YJR140C,1
YJR140C,1
YJR140C,1
YJR140C,1
YJR140C,1
YJR147W,0.15578519959910739
YJR147W,0.16320895286359144
YJR147W,0.047719887436449032
YJR147W,0.20540229748572394
YJR147W,0.62407471997806319
YJR147W,0.018238624017034136
YJR147W,0.091155880157350572
YJR147W,0.027583851437178258
YJR147W,0.01544922873849219
YJR147W,0.23456759597232293
YKL005C,0.25706605115967962
YKL005C,0.035505921870395994
YKL005C,0.081091587983201763
YKL005C,0.015615542150899464
YKL005C,0.0011481051285733878
YKL005C,0.091801340637984105
YKL005C,3.3650624790331279e-05
YKL005C,0.048427055574742334
YKL005C,0.089361784520557125
YKL005C,0.080227034911738396
YKL015W,0.71469210941555494
YKL015W,0.085103894548314837
YKL015W,0.016265458150163194
YKL015W,0.00660336216278656
YKL015W,0.26010926554950448
YKL015W,0.028364604037643102
YKL015W,0.13475133808998543
YKL015W,0.22228683118901479
YKL015W,0.17698530378696253
YKL015W,1
YKL020C,0.014738095230459672
YKL020C,0.12591795120757493
YKL020C,0.015557426208174945
YKL020C,0.050451806134436811
YKL020C,1
YKL020C,0.014412296039227395
YKL020C,1
YKL020C,1
YKL020C,0.17820899860723569
YKL020C,1
YKL032C,0.22117280732550065
YKL032C,0.22767279271918489
YKL032C,0.51587090590532603
YKL032C,1
YKL032C,1
YKL032C,0.54276242031825084
YKL032C,0.041031703940037668
YKL032C,0.1069415158001618
YKL032C,0.027428366104792934
YKL032C,0.057035469535642168
YKL038W,0.053219457855424979
YKL038W,1
YKL038W,1
YKL038W,0.30631754860655275
YKL038W,0.58697542853659967
YKL038W,0.028288246157039575
YKL038W,0.047340021856555996
YKL038W,1
YKL038W,0.050873584559269436
YKL038W,0.64290936092434969
YKL043W,0.023055627473103184
YKL043W,0.34242757956850306
YKL043W,0.27586185176282835
YKL043W,0.088466258051451849
YKL043W,0.054628646681071945
YKL043W,0.094887522966044385
YKL043W,0.15724028976275747
YKL043W,0.17077012595397759
YKL043W,1
YKL043W,0.066243133601232546
YKL062W,0.13850310377988323
YKL062W,0.058401676918823628
YKL062W,0.047868935159373092
YKL062W,0.18363517201746829
YKL062W,0.13629568230917771
YKL062W,0.029801572405361642
YKL062W,0.0017134362001131416
YKL062W,0.021196733242370432
YKL062W,0.26666128494609215
YKL062W,0.075183799668543091
YKL072W,0.11977544663425939
YKL072W,0.032874734815155224
YKL072W,0.077414575308272601
YKL072W,0.44177882499079374
YKL072W,0.028649987232575114
YKL072W,1
YKL072W,0.037279682593125078
YKL072W,0.25572453796553613
YKL072W,0.91221626677784284
YKL072W,0.31968687733834056
YKL109W,0.088071199320581939
YKL109W,0.30682477060598268
YKL109W,0.068476149217174695
YKL109W,0.039971242189180835
YKL109W,0.010008249939905551
YKL109W,0.031023805678551689
YKL109W,0.01007452953451112
YKL109W,0.038145749229546486
YKL109W,0.14375390374370811
YKL109W,0.014342818813704739
YKL112W,0.46866829704378499
YKL112W,1
YKL112W,0.45388298781584496
YKL112W,0.87407257628976343
YKL112W,0.037859771858471419
YKL112W,1
YKL112W,0.021470637236922791
YKL112W,0.23422675896974399
YKL112W,0.70341759996882747
YKL112W,1
YKL185W,0.017341894239349207
YKL185W,0.0088459978638154683
YKL185W,0.057574206445124912
YKL185W,0.041849620377335819
YKL185W,0.081765848461196167
YKL185W,0.12306220346911037
YKL185W,0.16372805495177156
YKL185W,0.19913843354620198
YKL185W,0.0054929365021841861
YKL185W,0.027598718860209235
YKL222C,0.01938537015174913
YKL222C,0.24318270116062882
YKL222C,1
YKL222C,0.097797955314886359
YKL222C,0.3716022731648968
YKL222C,0.21396643966134171
YKL222C,0.19484546658057367
YKL222C,0.15919401994415303
YKL222C,0.17382240284005554
YKL222C,0.088568461011269528
YKR034W,0.016585197904362838
YKR034W,0.14541370557073591
YKR034W,0.26112692423883099
YKR034W,0.0078031752861414628
YKR034W,0.0037375762996331328
YKR034W,0.36870516914853924
YKR034W,0.0045789740192555143
YKR034W,0.023990165619727104
YKR034W,0.15670835868200433
YKR034W,0.071261813279447334
YKR064W,1
YKR064W,1
YKR064W,0.53013901187085977
YKR064W,1
YKR064W,0.98531259453592801
YKR064W,1
YKR064W,1
YKR064W,1
YKR064W,1
YKR064W,1
YKR099W,1
YKR099W,0.0042169451646415527
YKR099W,0.095429999025738704
YKR099W,0.49451095459800448
YKR099W,0.075292854180313049
YKR099W,0.05778671814324627
YKR099W,0.047278834583373459
YKR099W,0.0039438137407042063
YKR099W,0.11050349998517414
YKR099W,0.0099572862119497833
YLR013W,0.005161117204686161
YLR013W,0.054379113986810973
YLR013W,0.0018777480838718342
YLR013W,0.038724111864331688
YLR013W,0.024364534551221496
YLR013W,0.04033239043123462
YLR013W,0.040467646852946161
YLR013W,0.21478349839249469
YLR013W,0.14419308291354049
YLR013W,0.080746735960303712
YLR014C,1
YLR014C,1
YLR014C,1
YLR014C,1
YLR014C,1
YLR014C,1
YLR014C,1
YLR014C,0.14540553275160573
YLR014C,1
YLR014C,1
YLR098C,1
YLR098C,1
YLR098C,0.18046410370300683
YLR098C,1
YLR098C,0.064983777225333578
YLR098C,0.0036809065551599617
YLR098C,1
YLR098C,0.20817411774873573
YLR098C,0.33425619897573305
YLR098C,0.94471656645191893
YLR113W,1
YLR113W,0.017336486746095864
YLR113W,1
YLR113W,0.32345118187607491
YLR113W,0.074193616804272083
YLR113W,0.93138680339653368
YLR113W,0.5495503346046533
YLR113W,0.29829674671280437
YLR113W,0.24475547609855469
YLR113W,1
YLR131C,0.084311741705782747
YLR131C,0.080861837794143715
YLR131C,0.060134991365519676
YLR131C,0.026366106996801076
YLR131C,0.12581393881834091
YLR131C,0.019956170000474147
YLR131C,0.035886299933957838
YLR131C,0.31362505283756081
YLR131C,0.023704482340989898
YLR131C,0.38224918367614474
YLR176C,0.61998599562297774
YLR176C,0.12097114779844674
YLR176C,0.1449140967723315
YLR176C,0.25163065999080969
YLR176C,0.032136794206425942
YLR176C,1
YLR176C,0.023537529987684734
YLR176C,1
YLR176C,0.19401979615657375
YLR176C,0.059256034403637178
YLR182W,0.058370387011978379
YLR182W,1
YLR182W,1
YLR182W,1
YLR182W,0.14495165714824487
YLR182W,0.061932230096384509
YLR182W,0.098525816026969304
YLR182W,1
YLR182W,0.030829585871315568
YLR182W,1
YLR223C,0.15901448427970641
YLR223C,0.00051946140622735008
YLR223C,0.062579597808539403
YLR223C,0.74913779134986813
YLR223C,0.0099274906161172984
YLR223C,0.16552819759023324
YLR223C,0.14267677568808712
YLR223C,0.0033266851934245015
YLR223C,0.22591614095597576
YLR223C,0.60297374141285154
YLR228C,0.016091952866331385
YLR228C,0.0005796975361540863
YLR228C,0.052979957227859593
YLR228C,0.026975361528381446
YLR228C,0.011933928917991559
YLR228C,0.27233167140543874
YLR228C,0.015585984445960481
YLR228C,0.0028041330880632497
YLR228C,0.0014701687598983406
YLR228C,0.0082739330524382176
YLR256W,0.22221246746345236
YLR256W,0.11912926036286003
YLR256W,0.027047262825737908
YLR256W,0.057035469535642168
YLR256W,0.035393714371321994
YLR256W,0.042353502965910339
YLR256W,0.046933788703827688
YLR256W,0.027052954585251865
YLR256W,0.024664105316966747
YLR256W,0.008619016784065972
YLR278C,0.33375711313302758
YLR278C,1
YLR278C,1
YLR278C,1
YLR278C,0.2958187094751818
YLR278C,0.028344367232339969
YLR278C,0.5044502654750006
YLR278C,0.72853529830888741
YLR278C,1
YLR278C,0.019413442670082132
YLR403W,0.0058602273186692238
YLR403W,6.085477078861979e-05
YLR403W,0.013544004687225565
YLR403W,0.0096237865336710506
YLR403W,0.0012973617963650496
YLR403W,0.028974590976495237
YLR403W,0.0013042337313462398
YLR403W,0.23787473459033859
YLR403W,0.027094501559141837
YLR403W,0.0065068104015439769
YLR451W,0.24116754699512821
YLR451W,0.088463489492241976
YLR451W,0.097876775004288319
YLR451W,0.23368483048217495
YLR451W,0.016693244305626444
YLR451W,0.70705820587482271
YLR451W,1
YLR451W,0.30585842339657038
YLR451W,1
YLR451W,1
YML007W,0.028826264110785368
YML007W,0.071868607995719216
YML007W,0.60435833867162425
YML007W,0.021448283978611697
YML007W,0.13850047798383741
YML007W,0.045312904708723574
YML007W,0.071740466931246666
YML007W,0.049618223668270317
YML007W,0.019703282460525454
YML007W,0.035750876394735134
YML027W,0.002635541016870158
YML027W,0.32845104954875659
YML027W,0.00063934122540633507
YML027W,0.18062132442150658
YML027W,0.079349241234208043
YML027W,0.0032126737951945644
YML027W,0.16923071024638972
YML027W,0.036294706004058062
YML027W,0.28392434500078512
YML027W,0.039950961557083164
YML051W,1
YML051W,0.50757436637388997
YML051W,1
YML051W,1
YML051W,1
YML051W,1
YML051W,1
YML051W,1
YML051W,1
YML051W,1
YML076C,1
YML076C,0.28194618697477913
YML076C,0.24960781605203708
YML076C,0.063924017003676767
YML076C,0.037481141219492621
YML076C,0.088810162281935112
YML076C,0.70010890461240993
YML076C,0.1273552781093763
YML076C,0.183565046949386
YML076C,0.080644247736830169
YML081W,0.10034813384580946
YML081W,1
YML081W,1
YML081W,0.15236785576727468
YML081W,0.020544819799892242
YML081W,0.29778057024770377
YML081W,0.22199675147297848
YML081W,0.72319981321422866
YML081W,0.028477868129116617
YML081W,0.10048232667606749
YML099C,0.50783154945858444
YML099C,1
YML099C,1
YML099C,0.19577082608093957
YML099C,1
YML099C,1
YML099C,1
YML099C,1
YML099C,1
YML099C,0.0051662477913571444
YML113W,0.065370112930828991
YML113W,0.028516635153144385
YML113W,0.047459617406825097
YML113W,0.44267050179176387
YML113W,0.005146416266187794
YML113W,0.49475309007104762
YML113W,0.00030374634077481156
YML113W,0.10850374644053032
YML113W,0.10389170575579254
YML113W,0.4206555076561701
YMR016C,0.21160453142310043
YMR016C,0.023192318355263378
YMR016C,0.13907978305937949
YMR016C,0.13629292016828332
YMR016C,0.011583041629496874
YMR016C,0.10059328978953358
YMR016C,0.081908317431689442
YMR016C,0.39130333048916643
YMR016C,0.0189221553443835
YMR016C,0.15981353654298017
YMR019W,0.049831770055700268
YMR019W,1
YMR019W,0.84056588102687368
YMR019W,0.17846851672469866
YMR019W,0.12468724597014263
YMR019W,0.17917675127973512
YMR019W,0.056420300478828116
YMR019W,1
YMR019W,0.1642520365847045
YMR019W,1
YMR021C,0.0071371361325804324
YMR021C,0.052541979277721862
YMR021C,0.016937178021404761
YMR021C,0.29237959495783705
YMR021C,0.011785922833430522
YMR021C,0.0053356427221294333
YMR021C,0.030080529585319996
YMR021C,0.22348808889058491
YMR021C,0.21323271367695187
YMR021C,0.11778511821357981
YMR037C,0.0067738672573411695
YMR037C,0.0072236463450144443
YMR037C,0.4508899546885114
YMR037C,0.03614458456922072
YMR037C,0.05656932334266021
YMR037C,0.08003993221550007
YMR037C,0.0094085581830634143
YMR037C,0.017506043763321356
YMR037C,0.0068921122637611767
YMR037C,0.0026854895039246634
YMR042W,0.020705190192289762
YMR042W,0.14199754022283531
YMR042W,0.29902939097904846
YMR042W,0.59914367199654572
YMR042W,1
YMR042W,0.0084829644931752341
YMR042W,1
YMR042W,0.074424495802519211
YMR042W,0.10864660524031949
YMR042W,0.25364337994700475
YMR043W,0.072197960689796906
YMR043W,1
YMR043W,1
YMR043W,0.94992011746661864
YMR043W,1
YMR043W,1
YMR043W,0.00010654771161870112
YMR043W,0.8937166954022937
YMR043W,1
YMR043W,1
YMR053C,0.046339554524970142
YMR053C,0.080964113626609255
YMR053C,0.020927959917908752
YMR053C,0.11918944218764818
YMR053C,0.057203160285770834
YMR053C,0.0017349926951305407
YMR053C,0.06291931344836954
YMR053C,0.013958285941618074
YMR053C,0.034672970088328071
YMR053C,0.0429785358877499
YMR070W,0.043245145153346355
YMR070W,0.53484799071177247
YMR070W,0.13388691113105489
YMR070W,0.0060105739650250824
YMR070W,0.081171824511988871
YMR070W,0.14049444906340475
YMR070W,0.0080933277342459947
YMR070W,0.040382185016616723
YMR070W,0.084426061440695171
YMR070W,0.091341041738834436
YMR075W,0.58721546049860718
YMR075W,1
YMR075W,1
YMR075W,1
YMR075W,0.35085033967013485
YMR075W,1
YMR075W,0.42667967827074088
YMR075W,0.45146974163225678
YMR075W,1
YMR075W,0.43342078195168249
YMR164C,0.045893955212123451
YMR164C,0.22013346256403848
YMR164C,0.33539232360770865
YMR164C,0.20697509998355926
YMR164C,0.17285445775935718
YMR164C,0.12273268746053387
YMR164C,0.21652842937083547
YMR164C,0.55674754667369208
YMR164C,0.012043815126222147
YMR164C,0.00720359089733394
YMR182C,1
YMR182C,1
YMR182C,1
YMR182C,1
YMR182C,1
YMR182C,0.075085908010731214
YMR182C,0.016725476666775086
YMR182C,0.34073533884469392
YMR182C,1
YMR182C,0.008897425859084802
YNL027W,0.002522967153290037
YNL027W,0.028162228169666053
YNL027W,0.0049164784992639498
YNL027W,0.06066556902440523
YNL027W,0.088707703850854872
YNL027W,0.022605448562834654
YNL027W,0.0090098107901591118
YNL027W,0.041161930303628615
YNL027W,0.14069257066291477
YNL027W,0.0010824716532319492
YNL068C,0.0552494824931117
YNL068C,0.21921150346154061
YNL068C,0.0096832471146706366
YNL068C,0.017917872224543885
YNL068C,0.0078182802481822963
YNL068C,0.038864538568803203
YNL068C,0.00017261829071475802
YNL068C,0.0013967069124486229
YNL068C,0.0009845314964296505
YNL068C,0.047847252895422208
YNL103W,0.098182178256990965
YNL103W,0.031244937921594215
YNL103W,0.048568964660819711
YNL103W,0.10127567243177563
YNL103W,0.20735675036652057
YNL103W,0.061890089782346953
YNL103W,0.0078124818431320568
YNL103W,0.13274256080735164
YNL103W,0.081609565169387638
YNL103W,0.00076144624046104662
YNL139C,1
YNL139C,1
YNL139C,0.0003038461916040418
YNL139C,1
YNL139C,1
YNL139C,0.63272449145045162
YNL139C,0.13113760758223253
YNL139C,0.032414988902023711
YNL139C,0.1598227471819236
YNL139C,1
YNL167C,0.20309075346089631
YNL167C,0.30652476451002403
YNL167C,0.062696827037939093
YNL167C,0.37558124899965739
YNL167C,0.010102426263157391
YNL167C,0.045899511517224767
YNL167C,0.092223672611744578
YNL167C,0.22576711513884928
YNL167C,0.008715882395628316
YNL167C,0.010361655404422727
YNL199C,1
YNL199C,1
YNL199C,1
YNL199C,0.42492714232124063
YNL199C,1
YNL199C,1
YNL199C,1
YNL199C,1
YNL199C,1
YNL199C,1
YNL216W,1
YNL216W,0.17751407330239327
YNL216W,0.17023734688488687
YNL216W,0.0070787263219361891
YNL216W,0.028112899750431367
YNL216W,0.21928393838092841
YNL216W,1
YNL216W,0.022607170196104146
YNL216W,0.24801344028662936
YNL216W,1
YNL257C,0.1739700194063124
YNL257C,1
YNL257C,0.081141052790809021
YNL257C,0.01293003116567859
YNL257C,0.25598430484582751
YNL257C,1
YNL257C,0.65346169275306654
YNL257C,1
YNL257C,0.62004420790124648
YNL257C,1
YNL309W,1
YNL309W,0.59712164683623414
YNL309W,1
YNL309W,0.060263840802496312
YNL309W,0.6097017033757125
YNL309W,1
YNL309W,1
YNL309W,1
YNL309W,0.093874284637473382
YNL309W,1
YNL314W,0.12268177778174832
YNL314W,0.0013646460633222721
YNL314W,0.14929209153901563
YNL314W,0.23246543103250031
YNL314W,0.068972280365298455
YNL314W,0.60149881048086395
YNL314W,0.11342281639304039
YNL314W,0.036220758691500828
YNL314W,0.004102592121850295
YNL314W,0.034397595533663526
YNR063W,0.059074224388649732
YNR063W,1
YNR063W,1
YNR063W,1
YNR063W,1
YNR063W,1
YNR063W,1
YNR063W,0.31388475961817053
YNR063W,0.054312360701596153
YNR063W,1
YOL028C,1
YOL028C,0.0074142722748145812
YOL028C,1
YOL028C,0.27314099710753997
YOL028C,0.021128168198015922
YOL028C,1
YOL028C,0.41433876041290796
YOL028C,0.1175083656626628
YOL028C,0.0082876511200752085
YOL028C,1
YOL067C,1
YOL067C,0.83306106588240181
YOL067C,0.38758945654319193
YOL067C,1
YOL067C,0.14531828578675957
YOL067C,0.19630115127065478
YOL067C,1
YOL067C,0.049689747983211664
YOL067C,1
YOL067C,1
YOL089C,0.062603082199334831
YOL089C,1
YOL089C,1
YOL089C,0.20881725498729894
YOL089C,1
YOL089C,0.0015393953140979046
YOL089C,1
YOL089C,1
YOL089C,1
YOL089C,1
YOL108C,0.12775334885938397
YOL108C,1
YOL108C,0.037900332569549271
YOL108C,0.57492473860422855
YOL108C,0.028155874065035062
YOL108C,0.0067301276172843337
YOL108C,0.0073216265358123324
YOL108C,0.013404004273473916
YOL108C,0.025657813724166288
YOL108C,0.012545554579587082
YOL116W,0.82661763004504707
YOL116W,0.76258060546262096
YOL116W,0.0084146974349689797
YOL116W,1
YOL116W,0.42566916691119006
YOL116W,0.011418214408337728
YOL116W,1
YOL116W,1
YOL116W,1
YOL116W,0.23283741281680109
YOR028C,0.36476403428636628
YOR028C,0.0098922219887264372
YOR028C,1
YOR028C,0.049115429289143246
YOR028C,0.20884468255860103
YOR028C,0.031351766416161754
YOR028C,0.95954850512141454
YOR028C,0.06129042506442537
YOR028C,0.52221521583088171
YOR028C,0.086164092528418446
YOR032C,0.033644567652801022
YOR032C,0.0031398037420807337
YOR032C,0.84383869986096749
YOR032C,0.064426761440270125
YOR032C,1
YOR032C,0.01272670156547509
YOR032C,0.10341974247686332
YOR032C,0.11813795880930608
YOR032C,0.60853772369757397
YOR032C,0.61116567408240263
YOR038C,1
YOR038C,1
YOR038C,1
YOR038C,1
YOR038C,1
YOR038C,1
YOR038C,1
YOR038C,1
YOR038C,1
YOR038C,1
YOR077W,0.053706512542219247
YOR077W,0.020577267507848718
YOR077W,0.0076170458383201045
YOR077W,0.21963470660567239
YOR077W,0.029488867933270105
YOR077W,1
YOR077W,0.059054351913447906
YOR077W,1
YOR077W,1
YOR077W,1
YOR113W,0.025624120667141096
YOR113W,0.014157270780310073
YOR113W,0.0066879363252006782
YOR113W,0.10099100952612355
YOR113W,0.4585972094390946
YOR113W,0.066911679868859125
YOR113W,0.032634488651189703
YOR113W,1
YOR113W,0.061073467879960722
YOR113W,0.032281893942056959
YOR140W,0.020373968858609343
YOR140W,0.030065842664346094
YOR140W,0.14439787976161245
YOR140W,0.008100719380770784
YOR140W,0.021091123571550036
YOR140W,0.17732149268846303
YOR140W,0.0039420098108140112
YOR140W,0.027741945703893336
YOR140W,0.37968100447207503
YOR140W,1
YOR162C,1
YOR162C,0.87536588810983562
YOR162C,1
YOR162C,1
YOR162C,0.071262509396414001
YOR162C,1
YOR162C,1
YOR162C,0.036645352545356585
YOR162C,1
YOR162C,1
YOR229W,1
YOR229W,1
YOR229W,0.0045629565967857865
YOR229W,0.10022528743288761
YOR229W,1
YOR229W,1
YOR229W,0.18377112354542899
YOR229W,1
YOR229W,1
YOR229W,0.34706949271280663
YOR230W,0.18048026834971842
YOR230W,1
YOR230W,1
YOR230W,1
YOR230W,0.19934912747564643
YOR230W,0.52018124808959143
YOR230W,1
YOR230W,1
YOR230W,1
YOR230W,0.27959675813293461
YOR298C-A,0.14480198600826383
YOR298C-A,1
YOR298C-A,0.010203385467364563
YOR298C-A,0.15047028915938071
YOR298C-A,0.044448931992468514
YOR298C-A,0.36766922810206593
YOR298C-A,0.011376266657315014
YOR298C-A,0.0084742621193275077
YOR298C-A,0.018084280373727793
YOR298C-A,0.036336704899029106
YOR344C,0.037988452807348909
YOR344C,0.033077309758719017
YOR344C,0.39588703832082067
YOR344C,0.083016879486637149
YOR344C,0.017694986846008395
YOR344C,0.65495574470591111
YOR344C,0.026754136047175789
YOR344C,5.9509916946939658e-05
YOR344C,0.17962208174902111
YOR344C,0.086037911666481975
YOR358W,0.41624822711324688
YOR358W,0.8527484985270033
YOR358W,1
YOR358W,0.41166844895270155
YOR358W,0.39650250454209685
YOR358W,0.018843295676990043
YOR358W,0.0076322689547132635
YOR358W,0.062196050007585969
YOR358W,0.14647027255528078
YOR358W,0.67698902008418993
YOR363C,1
YOR363C,0.17861369770310481
YOR363C,0.0073375451105943939
YOR363C,0.1513455322641977
YOR363C,0.49251492925028972
YOR363C,1
YOR363C,0.40677126444076778
YOR363C,1
YOR363C,0.041323522989592368
YOR363C,0.19449873144208174
YOR372C,0.41170578462644258
YOR372C,1
YOR372C,0.12587737934996079
YOR372C,0.087254885452527645
YOR372C,1
YOR372C,0.0865271921049445
YOR372C,0.89481848315851997
YOR372C,0.85582408085167794
YOR372C,0.051011923436746834
YOR372C,0.077773643809423934
YOR380W,1
YOR380W,0.025730190349142191
YOR380W,0.0222718002525637
YOR380W,1
YOR380W,0.080447143978335051
YOR380W,1
YOR380W,1
YOR380W,1
YOR380W,1
YOR380W,1
YPL038W,0.64476368885664992
YPL038W,0.060065889530945174
YPL038W,0.007812868801953551
YPL038W,0.062703476694070587
YPL038W,0.40704828966021983
YPL038W,0.42926046080608693
YPL038W,0.42502646525999549
YPL038W,0.018419039147569941
YPL038W,0.065977470506831393
YPL038W,0.86082741168655996
YPL049C,0.022555071497123918
YPL049C,1
YPL049C,1
YPL049C,0.031618759230668418
YPL049C,0.054121536989046912
YPL049C,0.0079905307577259489
YPL049C,0.027081693320122242
YPL049C,0.074114125820533797
YPL049C,1
YPL049C,0.31437975915294153
YPL075W,0.19044458356251648
YPL075W,0.093510439800423159
YPL075W,1
YPL075W,0.036915944216362795
YPL075W,0.44928402929187167
YPL075W,1
YPL075W,0.29039407824149943
YPL075W,1
YPL075W,0.0017884768382449387
YPL075W,0.38970846735262293
YPL089C,0.10241391704850741
YPL089C,0.33486206290177256
YPL089C,0.029013272674272776
YPL089C,0.00082653862974023677
YPL089C,0.011624353715540088
YPL089C,0.00020032725781178004
YPL089C,0.047397812738326398
YPL089C,0.58077088477776295
YPL089C,0.49796933328554654
YPL089C,0.018767441030380635
YPL139C,0.27202010281022881
YPL139C,0.82460965253737117
YPL139C,0.020878612848284808
YPL139C,0.71601517109377377
YPL139C,1
YPL139C,1
YPL139C,1
YPL139C,0.016942898308049216
YPL139C,0.4715293027482263
YPL139C,0.012264646278263134
YPL177C,0.10009868119708154
YPL177C,0.015660324719104481
YPL177C,0.1802570207886027
YPL177C,0.045165122080715395
YPL177C,0.056413599326153648
YPL177C,0.036412311718514591
YPL177C,0.016056828371823522
YPL177C,0.025937947626914492
YPL177C,0.19882183727039279
YPL177C,0.32456695823994985
YPL202C,0.0001334260830850692
YPL202C,0.087293094084521461
YPL202C,0.093081420437290799
YPL202C,0.13344471665093147
YPL202C,0.099204737849692429
YPL202C,0.021074997024078761
YPL202C,0.053048296898136629
YPL202C,0.072597936554808937
YPL202C,0.3384713424540956
YPL202C,0.080127237118169173
YPL230W,0.44380059126949378
YPL230W,0.12756176290736121
YPL230W,0.30754993780834772
YPL230W,0.74741712621157752
YPL230W,0.0024546676518492653
YPL230W,0.65555785983441828
YPL230W,0.012383437866185993
YPL230W,0.35777267460922763
YPL230W,0.0075775170498411527
YPL230W,0.33103739732611359
YPL248C,0.2851654473961569
YPL248C,0.014228552912146721
YPL248C,0.17905348603259602
YPL248C,0.08717583727735885
YPL248C,0.09370588010656164
YPL248C,0.033262583754125573
YPL248C,1
YPL248C,0.8162740708953854
YPL248C,1
YPL248C,0.53678357241419805
YPR008W,0.33182924008914971
YPR008W,0.096715090184579688
YPR008W,0.030720432810981704
YPR008W,0.044779775468946889
YPR008W,0.026844058969649007
YPR008W,0.32449641375738031
YPR008W,1
YPR008W,0.14920179236305867
YPR008W,0.49643838241085159
YPR008W,0.24891272031609557
YPR009W,0.098154438455493848
YPR009W,0.18809906313857921
YPR009W,0.024956390950170618
YPR009W,0.3163957050014734
YPR009W,0.062642873083679856
YPR009W,0.85082821780142892
YPR009W,0.17234700871135647
YPR009W,0.22345179107802238
YPR009W,1
YPR009W,0.054928372207573559
YPR022C,1
YPR022C,0.49083275802131354
YPR022C,0.22609349841338525
YPR022C,0.058526126197191684
YPR022C,1
YPR022C,0.32609117902405516
YPR022C,1
YPR022C,0.67208478047282749
YPR022C,1
YPR022C,1
YPR054W,1
YPR054W,0.39047618203176665
YPR054W,1
YPR054W,0.54168190611327627
YPR054W,0.09468193135641946
YPR054W,0.014333365992237985
YPR054W,0.47948474867312968
YPR054W,0.35879603895986445
YPR054W,1
YPR054W,0.067568476177979939
YPR065W,0.0026284990507301873
YPR065W,0.014509691862073194
YPR065W,0.026395473837642045
YPR065W,0.029629441944858149
YPR065W,0.10121800635696004
YPR065W,0.10609515243134551
YPR065W,0.50582417768603138
YPR065W,0.041339936030835946
YPR065W,0.067420605211498702
YPR065W,0.0049849929460732568
YPR104C,0.067886591771606719
YPR104C,0.36506026782670853
YPR104C,1
YPR104C,0.024582416151949411
YPR104C,0.25717284429092041
YPR104C,0.10882344285228321
YPR104C,0.051878386093014782
YPR104C,0.015074601852424024
YPR104C,0.038322509336291381
YPR104C,0.012824872142839682
YPR196W,0.18619136455598881
YPR196W,1
YPR196W,0.047459617406445526
YPR196W,0.16222650665305391
YPR196W,0.0082517765118494055
YPR196W,0.0051480922807605007
YPR196W,1
YPR196W,0.15017431026057443
YPR196W,0.14647798749976215
YPR196W,0.057755678206108205
YPR199C,1
YPR199C,0.20551286212062139
YPR199C,1
YPR199C,1
YPR199C,0.34307285554082495
YPR199C,0.32176232257249932
YPR199C,1
YPR199C,1
YPR199C,1
YPR199C,1
