YBR033W,0.0076988830021335599
YBR033W,0.24224835752811336
YBR033W,1
YBR033W,0.16300065109742587
YBR033W,0.11864539127455659
YBR033W,0.37250477955612815
YBR033W,0.3303552220417702
YBR033W,0.097603257502104357
YBR033W,0.03552992625387541
YBR033W,0.29918873304331339
YBR033W,0.16265239820219918
YBR033W,0.16263447502091977
YBR033W,0.14933439942520418
YBR033W,0.036852166965473519
YBR033W,0.056698521118166138
YBR033W,0.14581505103436643
YBR033W,0.18558475418764689
YBR033W,0.090233786411465067
YBR033W,0.017741474147851835
YBR033W,0.10179421690163447
YBR033W,0.085865606846319054
YBR033W,0.041816897029271397
YBR033W,0.54199367315399216
YBR033W,0.10234908380295957
YBR033W,0.015255013521121959
YBR033W,0.010171963713261895
YBR033W,0.79643787628418627
YBR033W,0.72882749391738577
YBR033W,0.31320543666655343
YBR033W,0.040582700914121882
YBR033W,0.26373971318131673
YBR033W,0.065021476580739423
YBR033W,0.0097963159638624134
YBR033W,0.2464178724268653
YBR033W,0.011005617671529253
YBR033W,0.047930155730791742
YBR033W,0.16419712816861784
YBR033W,0.0006924799527408404
YBR033W,0.32011703850989204
YBR033W,0.11650318251221299
YBR033W,0.014851862049127281
YBR033W,0.039445647194701408
YBR033W,0.073916996278553068
YBR033W,0.018955992248911951
YBR033W,0.00317986281826547
YBR033W,0.17659860656998744
YBR033W,0.051400659113899821
YBR033W,1
YBR033W,0.0069205200352833642
YBR033W,0.01029190748450355
YBR033W,0.076016108734233465
YBR033W,0.022322704802911306
YBR033W,0.21434383347109809
YBR033W,0.029700070703289155
YBR033W,0.10753741474049883
YBR033W,0.70927520881885897
YBR033W,0.013338346770084388
YBR033W,0.589683391125986
YBR033W,0.017587915243867245
YBR033W,0.23304675992832435
YBR033W,0.010341256708169863
YBR033W,0.20337665751922984
YBR033W,0.046390207042506362
YBR033W,0.12826505249798378
YBR033W,0.22020700051303099
YBR033W,0.0061068048547500012
YBR033W,0.047289652310726585
YBR033W,0.047310289822960289
YBR033W,0.053321190099686749
YBR033W,0.013189933041263376
YBR033W,0.16812619268710913
YBR033W,0.23059121211272984
YBR033W,0.063983918837567336
YBR033W,0.076754897940939759
YBR033W,0.085669085899568356
YBR033W,0.22438277667835027
YBR033W,0.023337113776734243
YBR033W,0.22431749044548585
YBR033W,0.39018974954597851
YBR033W,1
YBR033W,0.12910876578243874
YBR033W,0.015717066976458961
YBR033W,0.24026890736645648
YBR033W,0.027277608190558619
YBR033W,0.15261577560059444
YBR033W,0.19365593188208091
YBR033W,0.0020076869128799494
YBR033W,0.005146222990333061
YBR033W,0.032246231818608577
YBR033W,0.017891563158658173
YBR033W,0.004395180568785538
YBR033W,0.018810204894264
YBR033W,0.19902178140837751
YBR033W,0.20798015843852202
YBR033W,0.089663366900619962
YBR033W,0.0098581122809313238
YBR033W,0.0075382913866667766
YBR033W,0.047287284245659915
YBR033W,0.023681366885059601
YBR033W,0.070067595430844898
YBR033W,1
YBR033W,0.016879398892905056
YBR033W,0.13851969691886307
YBR033W,0.012578527036889669
YBR033W,0.029072494281559037
YBR033W,0.14142281688316655
YBR033W,0.039135136117374993
YBR033W,0.0076449405427998695
YBR033W,0.036112693229783735
YBR033W,0.052878485994639603
YBR033W,0.77309320680997695
YBR033W,0.084684973895449406
YBR033W,0.0053603401730207669
YBR033W,0.56059083198762694
YBR033W,0.17926590921453209
YBR033W,0.029450116060838593
YBR033W,0.32903836013128435
YBR033W,0.28150629932046173
YBR033W,0.067861826511406986
YBR033W,0.0023134880294242671
YBR033W,0.0071548611906071171
YBR033W,0.45954164628771677
YBR033W,0.004226807473173869
YBR033W,0.0017803874156966304
YBR033W,0.0058015379587416449
YBR033W,1
YBR033W,0.053293541117716649
YBR033W,0.67750465072656285
YBR033W,0.018158128960787275
YBR033W,0.42493620249437858
YBR033W,0.08204168884979425
YBR033W,0.24344595394205332
YBR033W,0.0022704332144164708
YBR033W,0.023912086259293062
YBR033W,0.003822669464821698
YBR033W,0.13130876152236298
YBR033W,0.34753241775372851
YBR033W,0.087972812842009293
YBR033W,0.0035239997373245108
YBR033W,0.14103756676343493
YBR033W,0.07549773737181989
YBR033W,0.24210831530962501
YBR033W,0.0043809735406606888
YBR033W,0.045121624784674116
YBR033W,0.11728114970264544
YBR033W,0.12533247541156084
YBR033W,0.022650488898439528
YBR033W,0.061257088506611879
YBR033W,0.048345844418632926
YBR033W,0.012634814066211471
YBR033W,0.2796331606186363
YBR033W,0.57813381776644002
YBR033W,0.11949209555319273
YBR033W,0.054856719731750651
YBR033W,0.2552820088765122
YBR033W,0.080583128714441038
YBR033W,0.55869388383198315
YBR033W,0.029210657167899869
YBR033W,0.099699676082320471
YBR033W,0.11558118653110896
YBR033W,0.0031992538200303631
YBR033W,1
YBR033W,0.13387854957240852
YBR033W,0.32047393388828072
YBR033W,0.0081981632596381492
YBR033W,0.46370313336382302
YBR033W,0.054022728274900303
YBR033W,0.41964577005229531
YBR033W,0.050699635769164531
YBR033W,0.1072809074422848
YBR033W,0.10833283889311715
YBR033W,0.005406738233223414
YBR033W,0.1190799150755586
YBR033W,0.81195333841263673
YBR033W,0.12606137497862613
YBR033W,0.0085137305151922991
YBR033W,0.072131933783122673
YBR033W,0.22326448290378051
YBR033W,0.070851496249346183
YBR033W,0.12037479420724988
YBR033W,0.012015656739412368
YBR033W,0.21245540055698503
YBR033W,0.18777048439429789
YBR033W,0.011523536248602174
YBR033W,0.56026372312122397
YBR033W,0.054112374781002802
YBR033W,0.00087008317431945472
YBR033W,0.077356476137468835
YBR033W,0.0080748245061356277
YBR033W,0.10414599608303701
YBR033W,0.25471348083510709
YBR033W,0.0014745584525869858
YBR033W,0.80142488310293059
YBR033W,0.00024263685494109669
YBR033W,0.010059744830395822
YBR033W,0.26379629729367987
YBR033W,0.11789526108096983
YBR033W,0.10511769494198182
YBR033W,0.028819084530963605
YBR033W,0.016534678923887498
YBR033W,0.39789080353043565
YBR033W,0.12720774884667696
YBR033W,0.048310297359846974
YBR033W,0.51672224880696194
YBR033W,0.33364012336712612
YBR033W,0.23229754404537756
YBR033W,0.10301570632294342
YBR033W,1
YBR033W,0.23061218606521539
YBR033W,1
YBR033W,0.42024886254952859
YBR033W,0.0049294630768030399
YBR033W,0.29032392781515154
YBR033W,0.021228389228341936
YBR033W,0.0065027833669545733
YBR033W,0.025270911212672029
YBR033W,0.2381426798749349
YBR033W,0.0082607835531970132
YBR033W,0.040935845018194549
YBR033W,0.57642613903939699
YBR033W,0.042291793610777707
YBR033W,0.022552054078760462
YBR033W,0.042936851628049312
YBR033W,0.14444258437794102
YBR033W,0.13204157761155874
YBR033W,0.015499309940529166
YBR033W,0.011807743755119214
YBR033W,1
YBR033W,0.25936925503265745
YBR033W,0.30890664520003719
YBR033W,1
YBR033W,0.61248228817596795
YBR033W,0.011739729137745229
YBR033W,0.1509172963265886
YBR033W,0.057924393160802973
YBR033W,0.027376405812092764
YBR033W,0.025645549348364605
YBR033W,0.33337184494640176
YBR033W,0.11521988393278032
YBR033W,0.0068559215718810417
YBR033W,0.22646969076058202
YBR033W,0.066192000863156908
YBR033W,0.10921749240428015
YBR033W,0.05883543598592799
YBR033W,0.056124693679546304
YBR033W,0.037357394091786539
YBR033W,0.16324925462436804
YBR033W,0.28094890847139486
YBR033W,0.18275340287972616
YBR033W,0.0042037571325729862
YBR033W,0.00589056312310324
YBR033W,0.080746735960303712
YBR033W,0.088204296433607637
YBR033W,0.32124849791490728
YBR033W,0.012480295269850986
YBR033W,0.73037280802620352
YBR033W,0.23989693317678765
YBR033W,0.1292350576374727
YBR033W,0.041788056721927425
YBR033W,0.014566255117927356
YBR033W,0.065518199753711828
YBR033W,0.0086675947584384204
YBR033W,1
YBR033W,0.040846122100238892
YBR033W,0.65157100544911761
YBR033W,0.0049862381335910788
YBR033W,0.35249571331627294
YBR033W,1
YBR033W,0.036923105525765991
YBR033W,0.057655923188758534
YBR033W,0.01434112956489198
YBR033W,0.00072774698826561066
YBR033W,0.013853384553896128
YBR033W,0.26799404746504846
YBR033W,0.18012136611904966
YBR033W,0.0079715735001925515
YBR033W,0.63108066110558125
YBR033W,0.0054268788985633466
YBR033W,0.2129987076837444
YBR033W,0.93323621282387059
YBR033W,0.13832319477727381
YBR033W,0.0084379866168869701
YBR033W,0.022592131421120463
YBR033W,1
YBR033W,0.033355764130311702
YBR033W,0.63068803358718306
YBR033W,0.3092707596756652
YBR033W,0.042592925489630097
YBR033W,0.013546927947376164
YBR033W,0.42717591168249514
YBR033W,0.74625315905942258
YBR033W,0.046831653263188076
YBR033W,0.071104925666782809
YBR033W,0.5147390131870544
YBR033W,0.072267825862070062
YBR033W,0.032102602579036688
YBR033W,0.029297183593509024
YBR033W,0.042258919413051911
YBR033W,0.09287200579672901
YBR033W,0.032749970191525549
YBR033W,0.06875256532766158
YBR033W,0.15169725816475918
YBR033W,0.40500055317606087
YBR033W,0.095266836285617287
YBR033W,0.10125281130690393
YBR033W,0.64543113843771183
YBR033W,0.22067947475540858
YBR033W,0.058331625804038799
YBR033W,1
YBR033W,0.032154082621448948
YBR033W,0.41434047195791579
YBR033W,0.066458585377271839
YBR033W,0.12293932011864535
YBR033W,0.012181706886575659
YBR033W,0.0033640867377523424
YBR033W,0.0022006792127969893
YBR033W,0.083822347380603596
YBR033W,0.40452483003188594
YBR033W,0.080140353176359744
YBR033W,0.024237846216760603
YBR033W,1
YBR033W,0.038315015538320008
YBR033W,0.028716148479765752
YBR033W,0.46699601382303274
YBR033W,0.01418479633097058
YBR033W,0.029173629051547634
YBR033W,0.029836478635411782
YBR033W,0.19810025287770225
YBR033W,0.00091167972296819311
YBR033W,0.11481950699802754
YBR033W,0.0026133256563017349
YBR033W,0.093566243444599101
YBR033W,0.026136973343737109
YBR033W,0.2206951830009373
YBR033W,0.11153193588942185
YBR033W,0.40422576163828156
YBR033W,0.013294950469476007
YBR033W,0.27854107990574645
YBR033W,0.025797509996357618
YBR033W,0.22142055166167299
YBR033W,0.17040722985235343
YBR033W,0.31323719439157915
YBR033W,0.0041948989707784349
YBR033W,0.027699882532669515
YBR033W,0.083141375947566029
YBR033W,0.14541992450954661
YBR033W,0.021564368182599988
YBR033W,0.13997935123796929
YBR033W,0.0092250946055196965
YBR033W,0.018170353240873578
YBR033W,1
YBR033W,0.34199764423447121
YBR033W,0.007071584036365674
YBR033W,0.022942985995138783
YBR033W,0.23565783785705194
YBR033W,0.030866961710987011
YBR033W,0.19803094368207513
YBR033W,0.070793106704323913
YBR033W,0.057108277236715993
YBR033W,0.2713647198647185
YBR033W,0.038383350375383339
YBR033W,0.35236210327239759
YBR033W,0.56941499881035107
YBR033W,0.016075112032963558
YBR033W,1
YBR033W,0.074088024996342428
YBR033W,0.14297304542886174
YBR033W,0.0045642787496676758
YBR033W,0.0056651085024203044
YBR033W,0.31732199932009558
YBR033W,0.41876283193066766
YBR033W,0.090097766044923144
YBR033W,0.34653290057145608
YBR033W,0.00076332698065278699
YBR033W,0.012074749495506557
YBR033W,0.002655721556645852
YBR033W,0.0053271125840905365
YBR033W,0.52386869808316705
YBR033W,0.15719554618132547
YBR033W,0.010873005346644673
YBR033W,0.65923258605511958
YBR033W,0.55948647127073914
YBR033W,0.034540243513129176
YBR033W,0.1493620893282441
YBR033W,0.014925904724809981
YBR033W,0.29352262367822912
YBR033W,0.014770921335475513
YBR033W,0.043153815416481112
YBR033W,0.088841990349929123
YBR033W,0.0059314446172231581
YBR033W,0.13746347622522812
YBR033W,0.18194050756589264
YBR033W,0.050429342477228217
YBR033W,0.23348658951901868
YBR033W,0.11538075147404266
YBR033W,0.0020577938738830272
YBR033W,0.0038559619190452238
YBR033W,0.066636650916355622
YBR033W,0.041141482286206489
YBR033W,0.049899955921275163
YBR033W,0.36305798988484939
YBR033W,1
YBR033W,0.026799415753034607
YBR033W,0.52289458076308271
YBR033W,0.0047868843914257476
YBR033W,0.17450980195022336
YBR033W,0.085600125803198798
YBR033W,0.2830446938374292
YBR033W,0.028513281956962684
YBR033W,0.029623219137641519
YBR033W,0.075911216480901073
YBR033W,0.20338364312901183
YBR033W,0.075168912549487127
YBR033W,0.11205675173971694
YBR033W,0.096179313099873223
YBR033W,0.048938287805237131
YBR033W,0.11045183546272418
YBR033W,0.05992085403529427
YBR033W,0.023535668905430511
YBR033W,0.21965906475717631
YBR033W,0.14214648933885127
YBR033W,0.29097389353219177
YBR033W,1
YBR033W,0.26346536253990183
YBR033W,0.059329951256413826
YBR033W,0.057230721847709429
YBR033W,0.26890538761303795
YBR033W,1
YBR033W,0.29616208705530955
YBR033W,0.019634182883739415
YBR033W,0.0152066791251117
YBR033W,0.53602235389809949
YBR033W,0.067614378591157542
YBR033W,1
YBR033W,0.30006176010075403
YBR033W,0.057254227170370285
YBR033W,0.18681487696488949
YBR033W,0.50320218075586431
YBR033W,0.10899613593414523
YBR033W,0.031784830866801936
YBR033W,0.45183353969195222
YBR033W,0.31032836408379416
YBR033W,0.54613814933142468
YBR033W,0.066737859491152351
YBR033W,0.19541073048853216
YBR033W,0.33286086989721458
YBR033W,0.079436303153065699
YBR033W,0.45086724588257909
YBR033W,0.15133595209372053
YBR033W,0.036749230949543875
YBR033W,0.22765391354632328
YBR033W,0.48227531465015577
YBR033W,0.010762345204681917
YBR033W,0.02137790885100593
YBR033W,0.11618741382859807
YBR033W,0.19833820430662799
YBR033W,0.066219631488624253
YBR033W,0.48728815834073624
YBR033W,0.051707975566956631
YBR033W,0.017521990261198574
YBR033W,0.018566728204226592
YBR033W,0.29643571554076154
YBR033W,0.80298032880661296
YBR033W,0.038584009396573644
YBR033W,0.0035271305185997095
YBR033W,0.4189055933882958
YBR033W,0.11360626957008849
YBR033W,0.076836270043615082
YBR033W,0.51554274703882641
YBR033W,0.48274382162397989
YBR033W,0.0061310513656664192
YBR033W,0.40402848488004173
YBR033W,0.011393706961389877
YBR033W,0.08227870692895542
YBR033W,0.10520576352173837
YBR033W,0.016048599856849383
YBR033W,0.0061328269096517594
YBR033W,0.024420090148217576
YBR033W,0.010936221836297109
YBR033W,0.50600131856089248
YBR033W,0.010148901278426558
YBR033W,0.16765333340073482
YBR033W,0.096768558286177614
YBR033W,0.018976577789378751
YBR033W,0.39351773402466284
YBR033W,0.45024840098327418
YBR033W,0.0014797933307814149
YBR033W,0.037817365460270258
YBR033W,0.037848661939661944
YBR033W,0.3305455058928492
YBR033W,0.043937494151739039
YBR033W,0.11837622096401336
YBR033W,0.18043198261707111
YBR033W,0.19410928779623443
YBR033W,0.0091216796902263766
YBR033W,0.13952679944727325
YBR033W,0.58049755083948651
YBR033W,0.014296039617760308
YBR033W,0.089737093248633965
YBR033W,0.26785961097651739
YBR033W,0.39518358366700906
YBR033W,0.011530628115007685
YBR033W,0.13450200359048786
YBR033W,0.077612620366612831
YBR033W,1
YBR033W,0.24163965449408917
YBR033W,0.015492562815111868
YBR033W,0.29869359157528641
YBR033W,0.047909432274926313
YBR033W,0.27763968609356737
YBR033W,0.75821510990933749
YBR033W,0.25368386559317285
YBR033W,0.1870987365313313
YBR033W,1
YBR033W,0.056660620996531991
YBR033W,0.19057200706019567
YBR033W,0.11605091560743011
YBR033W,0.068085119275729619
YBR033W,0.075680622862239144
YBR033W,0.070050873629141711
YBR033W,0.00047753611329381208
YBR033W,0.012325209477718127
YBR033W,0.1304294842650949
YBR033W,0.052557353080455199
YBR033W,0.002428609666514623
YBR033W,0.1687900482121375
YBR033W,0.049213429839804194
YBR033W,0.11180182456033835
YBR033W,0.07895328062235224
YBR033W,0.074636394149166799
YBR033W,0.30768344135605902
YBR033W,0.0059602811688346854
YBR033W,0.19185639440726701
YBR033W,0.30517870646373546
YBR033W,0.16911097640078915
YBR033W,0.029016512089167786
YBR033W,0.02157103021306811
YBR033W,0.39630058363025167
YBR033W,0.076516349626577898
YBR033W,0.0033457552529348863
YBR033W,0.065030447628856444
YBR033W,0.16926383258785332
YBR033W,0.011235945948570912
YBR033W,0.046047409486457656
YBR033W,0.13211850444619122
YBR033W,0.088304347828820143
YBR033W,0.20780278309218331
YBR033W,1
YBR033W,0.046373247888659291
YBR033W,0.017207585088058419
YBR033W,0.15855308833224149
YBR033W,0.01351929226093956
YBR033W,1
YBR033W,0.00020826809016892596
YBR033W,0.069764259242145035
YBR033W,0.06145333449472834
YBR033W,0.036244305783390086
YBR033W,0.1259180304888565
YBR033W,0.19426894040839215
YBR033W,0.0054526134016808451
YBR033W,0.23695763688076144
YBR033W,0.1504597206349868
YBR033W,0.0040664446327248922
YBR033W,0.80032368949791977
YBR033W,0.022685574776199362
YBR033W,0.58676705583307265
YBR033W,0.084663430195040829
YBR033W,1
YBR033W,0.035342161033732465
YBR033W,0.29459954836599966
YBR033W,0.072325482671870861
YBR033W,0.53143942820628309
YBR033W,0.0036377284875468469
YBR033W,0.33772210084382953
YBR033W,0.16966591121730923
YBR033W,0.25734621967468368
YBR033W,0.13444543415892096
YBR033W,0.10023439725044218
YBR033W,0.038760550198984153
YBR033W,1
YBR033W,0.35425286560355335
YBR033W,0.21750100285077392
YBR033W,0.15007476984273485
YBR033W,1
YBR033W,0.11149417537642876
YBR033W,0.03965300128544684
YBR033W,0.15953316794654729
YBR033W,0.17870918086531751
YBR033W,0.21467964095128039
YBR033W,0.58578594671026196
YBR033W,0.010040432734785455
YBR033W,0.30856661534349217
YBR033W,0.21315663977425667
YBR033W,0.019739139952352335
YBR033W,0.016738123093355321
YBR033W,0.00025739919402631363
YBR033W,0.0073081701606223879
YBR033W,0.020889024068020866
YBR033W,0.052519526941272154
YBR033W,0.017881450375228383
YBR033W,0.079752502974900219
YBR033W,0.11407442166712695
YBR033W,0.036588513045335211
YBR033W,0.14073991329141686
YBR033W,0.036774914271801892
YBR033W,0.27229445220582288
YBR033W,0.467591104493426
YBR033W,0.061017985543652835
YBR033W,0.0011372676811691046
YBR033W,0.28958759371536125
YBR033W,0.019986096899835677
YBR033W,0.090840259807687188
YBR033W,0.070303011606857174
YBR033W,0.037644013822236706
YBR033W,0.0072946646701783548
YBR033W,0.4983879313299151
YBR033W,1
YBR033W,0.0042678201616193328
YBR033W,0.072550744607222301
YBR033W,0.0065009243568373573
YBR033W,0.48700653044436654
YBR033W,0.10087822188808077
YBR033W,0.21989044458312668
YBR033W,0.0041675950842081739
YBR033W,0.60732447427596825
YBR033W,0.26621923215127785
YBR033W,0.15423936517652265
YBR033W,0.066090893698204728
YBR033W,0.30908910640949588
YBR033W,0.13852355109704692
YBR033W,0.3851835633972881
YBR033W,0.057954039126910023
YBR033W,0.087174855117454902
YBR033W,0.00029578855770722438
YBR033W,0.35295048989112254
YBR033W,0.27487249698953298
YBR033W,0.093256180842031494
YBR033W,0.053793683686381849
YBR033W,0.065762269805649726
YBR033W,1
YBR033W,0.098078113482345561
YBR033W,0.036847769183541296
YBR033W,0.22563940031234242
YBR033W,0.051361017164355191
YBR033W,0.070217088200598882
YBR033W,0.020144337310220507
YBR033W,0.012486048329434602
YBR033W,0.088334135578880313
YBR033W,1
YBR033W,0.42244084782266955
YBR033W,0.0073671270664299
YBR033W,0.36953935114130088
YBR033W,0.068112902076474705
YBR033W,0.27959082729019841
YBR033W,0.241579076429351
YBR033W,0.17665146755546429
YBR033W,0.011450591000656559
YBR033W,0.19241845100973365
YBR033W,0.31191232384579232
YBR033W,0.4537281101512789
YBR033W,0.63859468973990552
YBR033W,0.10063469424314118
YBR033W,0.22897284110262348
YBR033W,0.038806074136559551
YBR033W,0.077466932043740416
YBR033W,0.17699864017104899
YBR033W,0.29943417617131807
YBR033W,0.052388301816874566
YBR033W,0.027985833517815906
YBR033W,0.076455212754467705
YBR033W,0.020439446124032833
YBR033W,0.024964780778534545
YBR033W,0.3696021246031157
YBR033W,0.22566859302249898
YBR033W,0.37986286482655596
YBR033W,0.13931730600630104
YBR033W,0.0031276483714978726
YBR033W,0.076100795259053541
YBR033W,1
YBR033W,0.053602274610538118
YBR033W,0.032172462214744617
YBR033W,0.017587915243867245
YBR033W,0.17948031021504174
YBR033W,0.021963701498614371
YBR033W,0.002421725859647506
YBR033W,0.49857153206597943
YBR033W,0.36151400286409113
YBR033W,0.21982259911592492
YBR033W,0.17169259732053119
YBR033W,1
YBR033W,1
YBR033W,0.085378007503451411
YBR033W,0.24927081663645895
YBR033W,1
YBR033W,0.56361771549690087
YBR033W,0.18324625228778516
YBR033W,0.00015385728838774321
YBR033W,0.1876463503904191
YBR033W,0.0012818276123009069
YBR033W,0.09114139744924532
YBR033W,0.00038121784804159283
YBR033W,0.044646363804408423
YBR033W,0.02379507199776381
YBR033W,0.24145805929060393
YBR033W,0.079472120710899902
YBR033W,0.0024744831149385621
YBR033W,0.086851222306561754
YBR033W,0.019783921652675188
YBR033W,0.032202317165214316
YBR033W,0.030037116989849535
YBR033W,0.25190979654986906
YBR033W,0.13581720017865576
YBR033W,0.095560916150416231
YBR033W,0.41857807436992811
YBR033W,0.08929973089547294
YBR033W,0.091045851860166796
YBR033W,1
YBR033W,0.0037547398301210544
YBR033W,0.61848090926902188
YBR033W,0.36171718485530813
YBR033W,0.019633778041664482
YBR033W,0.072133343085105023
YBR033W,0.020693789266496974
YBR033W,0.06300297108494228
YBR033W,0.60363823767534308
YBR033W,0.012469938371882027
YBR033W,0.097397438300442035
YBR033W,0.053975059133419746
YBR033W,0.016597085839060839
YBR033W,0.12187537840866743
YBR033W,0.20477087436076513
YBR033W,0.23948312154690254
YBR033W,0.056553822880932136
YBR033W,0.040968415331419393
YBR033W,0.048981996785575042
YBR033W,0.074264918444894704
YBR033W,0.025891853914947034
YBR033W,0.0074575032775727615
YBR033W,0.072831976984375893
YBR033W,0.045832416762494506
YBR033W,0.012783938888067876
YBR033W,0.046844382909566475
YBR033W,0.0018000467915555221
YBR033W,0.10641682554977284
YBR033W,0.054945160911879495
YBR033W,0.357797985303004
YBR033W,0.0048260684087732715
YBR033W,0.017069824618561644
YBR033W,0.14554526923070749
YBR033W,1
YBR033W,0.0068416579213675935
YBR033W,0.58447838109142936
YBR033W,0.017401803532198837
YBR033W,0.0058068987602403798
YBR033W,0.24304577824245052
YBR033W,0.18759461650886533
YBR033W,0.0013676303613263314
YBR033W,0.63186361034118976
YBR033W,0.33918429112371207
YBR033W,0.093649877206859841
YBR033W,0.013707194035015328
YBR033W,0.076410100361333014
YBR033W,0.34838605063451661
YBR033W,0.65574483445946996
YBR033W,0.11673937522367218
YBR033W,0.90307838348018898
YBR033W,0.028642131519210082
YBR033W,0.014211775096423202
YBR033W,0.29412836776701545
YBR033W,0.15060597213390231
YBR033W,0.24883273326108601
YBR033W,0.023778438300198691
YBR033W,0.011188701200880637
YBR033W,0.070595602516591791
YBR033W,0.019852595604946191
YBR033W,0.029632000883180114
YBR033W,0.10872843362397447
YBR033W,0.0022114305359998117
YBR033W,0.38194847351427885
YBR033W,0.034432176246758199
YBR033W,0.20931598310586322
YBR033W,0.041528186705680252
YBR033W,0.073610012644893544
YBR033W,0.12934414088294979
YBR033W,0.019002828241986687
YBR033W,0.055291363501220443
YBR033W,0.09156074304340292
YBR033W,0.011791264731294429
YBR033W,0.016369983067067523
YBR033W,0.11778564503430242
YBR033W,0.0057322242134446441
YBR033W,0.13628518160864983
YBR033W,0.60026227491708972
YBR033W,0.0029357455283502308
YBR033W,0.055210324019203727
YBR033W,0.49158890085100304
YBR033W,0.24903436722934927
YBR033W,0.18394525174466814
YBR033W,0.0028361379793599402
YBR033W,0.37873325297637056
YBR033W,0.033829956937160517
YBR033W,0.04706807755315754
YBR033W,1
YBR033W,0.015502239796360994
YBR033W,0.50650926525622253
YBR033W,0.25757317665138918
YBR033W,0.305756025630534
YBR033W,0.010836856207149035
YBR033W,0.044815491108076075
YBR033W,1
YBR033W,0.17057239555202544
YBR033W,0.034612776838583548
YBR033W,0.23953807810716585
YBR033W,0.031706938857958562
YBR033W,1
YBR033W,0.092724516847099259
YBR033W,0.024234176475901197
YBR033W,0.033894927712210358
YBR033W,0.0056661845526305927
YBR033W,0.071513446531164551
YBR033W,0.17273998664392262
YBR033W,0.0095126362046124013
YBR033W,0.12451131513894664
YBR033W,0.017336331808958098
YBR033W,0.31580219795815795
YBR033W,0.43890583043457138
YBR033W,0.30563296584141558
YBR033W,0.17647955998854326
YBR033W,0.045216137389988573
YBR033W,0.27345506615178999
YBR033W,0.17969281648544763
YBR033W,0.018445392097534027
YBR033W,0.05413105923899042
YBR033W,0.27652236391652224
YBR033W,1
YBR033W,0.02655063091108829
YBR033W,0.0016198708568992137
YBR033W,0.3692240519757089
YBR033W,0.03523378935968801
YBR033W,0.023799323861947289
YBR033W,0.037360267096267906
YBR033W,0.054858440359314982
YBR033W,1
YBR033W,0.26681087210871401
YBR033W,0.65049844754577335
YBR033W,0.014129231332284354
YBR033W,0.07510787159127541
YBR033W,0.69367295901101023
YBR033W,0.93710364714482974
YBR033W,0.0026321769919624609
YBR033W,0.15368478198030572
YBR033W,0.042933160873307973
YBR033W,0.32849410000253682
YBR033W,0.012628248119060529
YBR033W,0.03359833651497255
YBR033W,0.30652412463635093
YBR033W,0.064012672882377608
YBR033W,0.10193226156247627
YBR033W,0.037823155070029972
YBR033W,0.20296543959220825
YBR033W,0.04561328454818437
YBR033W,0.056974679571730649
YBR033W,0.093691436963018432
YBR033W,0.18604571529595373
YBR033W,0.0046485520335987785
YBR033W,0.049930320153073526
YBR033W,0.051244052139313954
YBR033W,0.006213138318671171
YBR033W,0.036007125724750143
YBR033W,0.06040658332557991
YBR033W,0.077325868172769346
YBR033W,0.587256664217917
YBR033W,0.0310361926543085
YBR033W,0.022930246804162849
YBR033W,0.0066982085683002374
YBR033W,0.023620088539606527
YBR033W,0.017134653151753557
YBR033W,0.014593918781395354
YBR033W,0.16435578554999883
YBR033W,0.0058256099545866656
YBR033W,0.048576946914153096
YBR033W,0.30191078631833113
YBR033W,0.039493438985634566
YBR033W,0.21255656626326369
YBR033W,0.036158775122388097
YBR033W,0.23428254399144177
YBR033W,0.014759289361356459
YBR033W,1
YBR033W,0.15263483481606002
YBR033W,0.015275644092164668
YBR033W,0.03868719269098822
YBR033W,0.070094900350285552
YBR033W,0.20744303963827374
YBR033W,0.076003299484414061
YBR033W,0.080663405093151549
YBR033W,0.30956306587284554
YBR033W,0.043448120788610337
YBR033W,1
YBR033W,0.83305151916116582
YBR033W,0.075246831545372914
YBR033W,0.20430346455323711
YBR033W,0.1155618188769215
YBR033W,0.36019909182735671
YBR033W,0.020487583910932389
YBR033W,0.081832881640678062
YBR033W,0.021710578925815783
YBR033W,0.059981877943301835
YBR033W,0.094832337491968982
YBR033W,0.002561845022440082
YBR033W,0.18807087646699799
YBR033W,0.23815321618904919
YBR033W,0.044838466294129256
YBR033W,0.3838915651666554
YBR033W,0.15182566563426089
YBR033W,0.003417673761238102
YBR033W,0.047993620994295279
YBR033W,0.089269655268687201
YBR033W,0.0059468675477244923
YBR033W,0.0067266399636945126
YBR033W,0.0553570430184687
YBR033W,0.10570725995588726
YBR033W,0.08367646848270148
YBR033W,0.23238298240980762
YBR033W,0.54200381518132412
YBR033W,0.089938211430335716
YBR033W,0.57532275021726942
YBR033W,0.050920531090974837
YBR033W,0.048101746625623762
YBR033W,0.060696280964279162
YBR033W,0.24163416552078737
YBR033W,0.32366828918527368
YBR033W,0.18286258583816256
YBR033W,0.10077697876267612
YBR033W,0.77266434104694026
YBR033W,0.0063908152716530961
YBR033W,0.2866718377559801
YBR033W,1
YBR033W,0.01706831628757478
YBR033W,0.1403745602180006
YBR033W,0.14764595710231876
YBR033W,0.03619540046552612
YBR033W,0.055272160296122544
YBR033W,0.16333605765741854
YBR033W,1
YBR033W,0.0091536749593609922
YBR033W,0.45170385521377088
YBR033W,0.011233249392421062
YBR033W,1
YBR033W,0.15486230544514573
YBR033W,0.0030760061447207164
YBR033W,0.51386028959692542
YBR033W,0.00076099230776566587
YBR033W,0.26810166151885112
YBR033W,1
YBR033W,0.10922589004670084
YBR033W,0.02883533288882003
YBR033W,0.28392904146835718
YBR033W,0.15026839167912884
YBR033W,0.046891885005606759
YBR033W,0.0043137579098792194
YBR033W,0.043305905148364479
YBR033W,0.12919096344584818
YBR033W,0.024275030600801939
YBR033W,0.20717573513446766
YBR033W,0.0082654766994159027
YBR033W,0.043988773246317968
YBR033W,0.093136723443535907
YBR033W,0.22622251977982291
YBR033W,0.0086957203627706179
YBR033W,0.35222204871126067
YBR033W,0.078305424225588852
YBR033W,0.091575944001319201
YBR033W,0.090796205358796123
YBR033W,0.0040705895179495542
YBR033W,0.023329253899376727
YBR033W,1
YBR033W,0.35504127104671795
YBR033W,0.002245521572418242
YBR033W,0.0009478571335599723
YBR033W,0.35847692302928202
YBR033W,0.011034403542193707
YBR033W,0.0047148798661086327
YBR033W,0.097640841737829276
YBR033W,0.011117239077938141
YBR033W,0.077036326229543664
YBR033W,0.011142679374389593
YBR033W,0.011053319298948325
YBR033W,0.14968987602415734
YBR033W,0.0095651734242257029
YBR033W,0.12056033053250106
YBR033W,0.55350065244351676
YBR033W,0.021247273933742618
YBR033W,0.56301399025338406
YBR033W,0.030722519350129346
YBR033W,0.56574926512376911
YBR033W,0.093454816550229566
YBR033W,0.040660594108555569
YBR033W,0.0074646759653561852
YBR033W,0.050338179567045213
YBR033W,0.032923288094013167
YDR034C,0.0052904864904469049
YDR034C,0.14205576349989471
YDR034C,0.14456712274697098
YDR034C,0.026170310489233874
YDR034C,0.090664232681144333
YDR034C,0.00031947378417929373
YDR034C,0.072268006531033227
YDR034C,0.054756873402695222
YDR034C,0.013358965035294936
YDR034C,0.17416952080583145
YDR034C,0.28998304565491079
YDR034C,0.34104463240301525
YDR034C,0.049220888933827575
YDR034C,0.31326328196571712
YDR034C,0.093306044238809935
YDR034C,0.061447856237020426
YDR034C,0.00069874762580106776
YDR034C,0.075448204505608671
YDR034C,0.096120127491965385
YDR034C,0.016435553298345784
YDR034C,0.050637818421639315
YDR034C,0.10688362694547021
YDR034C,0.027574587697776626
YDR034C,0.23538970574744777
YDR034C,0.0062826355249891172
YDR034C,0.092460703236710684
YDR034C,0.41618486152237721
YDR034C,0.059084408792738984
YDR034C,0.016213023006225413
YDR034C,0.068476497928756347
YDR034C,0.17122602070312723
YDR034C,0.16387549029837253
YDR034C,0.28709862144615333
YDR034C,0.0014489653644042082
YDR034C,0.012738646207926673
YDR034C,0.27497108178315527
YDR034C,0.024972910966758417
YDR034C,0.035297691262668365
YDR034C,0.024542113520334405
YDR034C,0.021576034082653166
YDR034C,0.032968100028442512
YDR034C,0.011009824303531472
YDR034C,0.1010378192916238
YDR034C,0.0041488376974843835
YDR034C,0.050464701972029263
YDR034C,0.32153572462451452
YDR034C,0.01608664532372962
YDR034C,0.045426596239076543
YDR034C,0.1407218239500328
YDR034C,0.052725093576639445
YDR034C,0.010551875545891034
YDR034C,0.041236770543710791
YDR034C,0.041680856626402793
YDR034C,0.0064319283579671932
YDR034C,0.0061384830234549621
YDR034C,0.030053998818494552
YDR034C,0.030628699721556202
YDR034C,0.044661257188704055
YDR034C,0.087067216084612833
YDR034C,0.028551467489915723
YDR034C,0.089305957910398984
YDR034C,0.26212351626360963
YDR034C,0.072803139382646015
YDR034C,0.18829967313860027
YDR034C,0.11111109810121142
YDR034C,0.1716805763259599
YDR034C,0.136913121747684
YDR034C,0.12714366739544192
YDR034C,0.0026149059447605786
YDR034C,0.0099895515047919246
YDR034C,0.050798152500437017
YDR034C,0.001094823332651502
YDR034C,0.065276264647532209
YDR034C,0.065520108130915009
YDR034C,0.033204714158539865
YDR034C,0.0085514644008841349
YDR034C,0.073174281184509277
YDR034C,0.0049754352403013529
YDR034C,0.060823932807642908
YDR034C,0.39610891485090338
YDR034C,0.047815309409772688
YDR034C,0.014226379458462973
YDR034C,0.03448850073193007
YDR034C,0.010231078669459942
YDR034C,0.11948311348270713
YDR034C,0.013343877859441446
YDR034C,0.13938325069319654
YDR034C,0.12084965776418144
YDR034C,0.67004611447355378
YDR034C,0.099041848366794347
YDR034C,0.0051677384023623794
YDR034C,0.011602690120125797
YDR034C,0.30196839280085142
YDR034C,0.061326293540613495
YDR034C,0.011301211422121236
YDR034C,0.00881599671365043
YDR034C,0.0088998840552731821
YDR034C,0.12812894515321691
YDR034C,0.17699473374542077
YDR034C,0.00012372064633320198
YDR034C,0.29219208045163669
YDR034C,0.065098243162326
YDR034C,0.012210830853863743
YDR034C,0.1358575636817867
YDR034C,0.22189513254963755
YDR034C,0.010422109046816603
YDR034C,0.010141583802637973
YDR034C,0.47816143536273231
YDR034C,0.044262727606361948
YDR034C,0.018568760570471639
YDR034C,0.050867834550647945
YDR034C,0.066626020188884139
YDR034C,0.040551393317850203
YDR034C,0.3689324290911466
YDR034C,0.16138850207671135
YDR034C,0.025179480081081111
YDR034C,0.14117923136593918
YDR034C,0.040681800389298306
YDR034C,0.30724159783155397
YDR034C,0.044919902019920008
YDR034C,0.017122478506495713
YDR034C,0.24746357117373827
YDR034C,0.041428280637480087
YDR034C,0.022898304812426797
YDR034C,0.1034691883554693
YDR034C,0.1437269371572569
YDR034C,0.034019806111764972
YDR034C,0.0049501324667780098
YDR034C,0.010196392538906722
YDR034C,0.085606766838570075
YDR034C,0.0043013417005614363
YDR034C,0.25402424350428565
YDR034C,0.029961751073622544
YDR034C,0.0073730126635807467
YDR034C,0.032283133332831497
YDR034C,0.18713630457342317
YDR034C,0.1615230458452194
YDR034C,0.21907686333731036
YDR034C,0.24911727487868621
YDR034C,0.053411308544603103
YDR034C,0.10303134925961295
YDR034C,0.089929442533773468
YDR034C,0.054138912864065185
YDR034C,0.022901356365313496
YDR034C,0.0034477385572422191
YDR034C,0.0040324979481077047
YDR034C,0.22054659553504011
YDR034C,0.31726629892659586
YDR034C,0.038582833355960321
YDR034C,0.084836826898854995
YDR034C,0.071561019896739311
YDR034C,0.0022725388390542824
YDR034C,0.35845817586214046
YDR034C,0.0074289609205419101
YDR034C,0.15209561070077213
YDR034C,0.10386422068197987
YDR034C,0.14319013132593272
YDR034C,0.010589152838750277
YDR034C,0.42886015943368472
YDR034C,0.15129768179893638
YDR034C,0.17677811148789238
YDR034C,0.011343754737993273
YDR034C,0.0016182879652737888
YDR034C,2.9824672781447606e-05
YDR034C,0.0074703293025783274
YDR034C,0.6711135202449523
YDR034C,0.13382075018152631
YDR034C,0.39580338865581721
YDR034C,0.028199078917955953
YDR034C,0.012036331995794597
YDR034C,0.16804317525702536
YDR034C,0.027547005336768703
YDR034C,0.047331135778429761
YDR034C,0.38811143432514705
YDR034C,0.12227845238412433
YDR034C,0.064191369079363347
YDR034C,0.092532058664730257
YDR034C,0.032951549832478923
YDR034C,0.34984286482421262
YDR034C,0.02907205058504115
YDR034C,0.097393618751610705
YDR034C,0.49967050229342047
YDR034C,0.02302508713588327
YDR034C,0.036041394898836107
YDR034C,0.086316653048294015
YDR034C,0.11667123827438089
YDR034C,0.16074404701664458
YDR034C,0.2572966570629191
YDR034C,0.3712104082682493
YDR034C,0.06947798536185866
YDR034C,0.050532901676872334
YDR034C,0.070980905295946847
YDR034C,0.0022990512680298898
YDR034C,0.019442801587689035
YDR034C,0.42769370494015502
YDR034C,0.20336472255636442
YDR034C,0.083042085199641028
YDR034C,0.010113841316519824
YDR034C,0.10469404801855967
YDR034C,0.64175651170167292
YDR034C,0.068734170877982101
YDR034C,0.078106432803476386
YDR034C,0.10289011908401917
YDR034C,0.010680445429288178
YDR034C,0.25548736445771547
YDR034C,0.17973686138557815
YDR034C,0.21282255238881967
YDR034C,0.080133816286016485
YDR034C,0.0077164185434844927
YDR034C,0.016732144139945542
YDR034C,0.31239253119998328
YDR034C,0.0044663946902587523
YDR034C,0.0067226710222683074
YDR034C,0.0010475433914886843
YDR034C,0.097133153160208263
YDR034C,0.0015712957750536325
YDR034C,0.15773651180754428
YDR034C,0.014837965407107318
YDR034C,0.035214329418622771
YDR034C,0.0091925978071059795
YDR034C,0.053639261382356411
YDR034C,0.015911418000230437
YDR034C,0.15080690894193088
YDR034C,0.079947496895698619
YDR034C,0.063850956647900581
YDR034C,0.079705211848484836
YDR034C,0.083766408937447856
YDR034C,0.0801712763050723
YDR034C,0.013691781792493212
YDR034C,0.023950589665927519
YDR034C,0.14125397883335397
YDR034C,0.011077296762014421
YDR034C,0.044166801794385042
YDR034C,0.039125240843105695
YDR034C,0.010707090916020406
YDR034C,0.39645225545893997
YDR034C,0.12644191190409046
YDR034C,0.15291331061016458
YDR034C,0.56386662310142255
YDR034C,0.011463079641627745
YDR034C,0.016809984272907121
YDR034C,0.012043750185437624
YDR034C,0.066110335201017861
YDR034C,0.033676434219199365
YDR034C,0.026312263957416537
YDR034C,0.071049092695138372
YDR034C,0.24176047354422103
YDR034C,0.035138996876625153
YDR034C,0.051464887554612947
YDR034C,0.051306291296572361
YDR034C,0.37411275371839237
YDR034C,0.0040662795515817767
YDR034C,0.32569493237195613
YDR034C,0.0026535597255061094
YDR034C,0.46650597810320427
YDR034C,0.0030402785037625044
YDR034C,0.078721340128087416
YDR034C,0.27979523618569224
YDR034C,0.0092314042782387414
YDR034C,0.19361534459762536
YDR034C,0.0036716357158341553
YDR034C,0.0031336111672269811
YDR034C,0.18753808947247047
YDR034C,0.054648684564264034
YDR034C,0.028701713182231744
YDR034C,0.024099779998509051
YDR034C,0.013513898213011782
YDR034C,0.14655221521430242
YDR034C,0.046557888377795273
YDR034C,0.040318177002079611
YDR034C,0.028964146132558516
YDR034C,0.003170222377402469
YDR034C,0.016725359702038398
YDR034C,0.0061168231325172051
YDR034C,0.01830404195562782
YDR034C,0.43136883284247535
YDR034C,0.29292536690935361
YDR034C,0.0029847637935576836
YDR034C,0.0023134880294242671
YDR034C,0.12712385777073409
YDR034C,0.35874571149228524
YDR034C,0.066558597109928799
YDR034C,0.12098914099828485
YDR034C,0.010644903858001906
YDR034C,0.019051121397629076
YDR034C,0.0017438819296515641
YDR034C,0.19135462339207393
YDR034C,0.10244843485348806
YDR034C,0.0083121692719098032
YDR034C,0.21082937827106513
YDR034C,0.22714474608990118
YDR034C,0.019799148820816632
YDR034C,0.073784031942582706
YDR034C,0.10171701740311057
YDR034C,0.1156519165296237
YDR034C,0.15209629406306646
YDR034C,0.43289927701838937
YDR034C,0.0018488830562513273
YDR034C,0.30916076303106682
YDR034C,0.016483283486053008
YDR034C,0.072556042144959212
YDR034C,0.035015183900559417
YDR034C,0.0026602671770415351
YDR034C,0.10506967869497444
YDR034C,0.29580626408890448
YDR034C,0.20406617368188024
YDR034C,0.066133494504913529
YDR034C,0.14196505353143105
YDR034C,0.0064552057448395385
YDR034C,0.034950429313250618
YDR034C,0.018490896275168638
YDR034C,0.050798152500437017
YDR034C,0.035395716076723593
YDR034C,0.052780138006156725
YDR034C,0.011111739226480479
YDR034C,0.21346007567607073
YDR034C,0.0022486938144434371
YDR034C,0.028568072595839839
YDR034C,0.00025056820421985414
YDR034C,0.02302508713588327
YDR034C,0.017338164821117528
YDR034C,0.048721123049264688
YDR034C,0.073776256793255321
YDR034C,0.040424347269310726
YDR034C,0.030095364674656837
YDR034C,0.024373263176969556
YDR034C,0.26636267387062745
YDR034C,0.018074049847807614
YDR034C,0.68114493252501151
YDR034C,0.0068706693000704184
YDR034C,0.011396352683729963
YDR034C,0.44153367718451331
YDR034C,0.11436424414663257
YDR034C,0.19543588985109056
YDR034C,0.13359780737996696
YDR034C,0.26372067913756841
YDR034C,0.062485257985020082
YDR034C,0.13124788815384114
YDR034C,0.080687414143442868
YDR034C,0.07010405881330431
YDR034C,0.0828253589519031
YDR034C,0.20932515376860616
YDR034C,0.083971328902356299
YDR034C,0.016574525397453615
YDR034C,0.089338071227826638
YDR034C,0.10247379120806845
YDR034C,0.014508169013321024
YDR034C,0.034657363590757176
YDR034C,0.018420908143401901
YDR034C,0.0028313688930820197
YDR034C,0.15214824630311244
YDR034C,0.025537922976854914
YDR034C,0.45925657423305494
YDR034C,0.083138817550126407
YDR034C,0.017052150784518872
YDR034C,0.0047188422797300828
YDR034C,0.14394475084914404
YDR034C,0.012417893063468539
YDR034C,0.026016205032733903
YDR034C,0.28243724371250112
YDR034C,0.035901530441342304
YDR034C,0.015756222648986351
YDR034C,0.26520789105208131
YDR034C,0.077264896807491587
YDR034C,0.010149727758218192
YDR034C,0.79178678030187732
YDR034C,0.0070085476923468764
YDR034C,0.28875820260435403
YDR034C,0.12767898274641801
YDR034C,0.0001769600437449866
YDR034C,0.13705181353284679
YDR034C,0.0061346803534602585
YDR034C,0.016839276592792871
YDR034C,0.0055835451889804299
YDR034C,0.010830040959901569
YDR034C,0.76789476142242696
YDR034C,0.29926215307425885
YDR034C,0.17089356176834664
YDR034C,0.1439659023851958
YDR034C,0.35670709474722601
YDR034C,0.11854412803156605
YDR034C,0.2279474638881783
YDR034C,0.0068289861652304521
YDR034C,0.16074547214503807
YDR034C,0.13868479343100976
YDR034C,0.022197230536867858
YDR034C,0.011790951895246709
YDR034C,0.0044702054511224307
YDR034C,0.23255581991288998
YDR034C,0.097875547499795768
YDR034C,0.074742944825594057
YDR034C,0.045376404025809475
YDR034C,0.020305927011342519
YDR034C,0.042903758833114196
YDR034C,0.23475671473782711
YDR034C,0.35893251305954949
YDR034C,0.22970759944673888
YDR034C,0.00052497198814878074
YDR034C,0.30273944170397432
YDR034C,0.07262030737823609
YDR034C,0.12574572781619903
YDR034C,0.027887254055346429
YDR034C,0.0072116329830073508
YDR034C,0.00068653208840975804
YDR034C,0.0026276333391967769
YDR034C,0.42825586010323291
YDR034C,0.015830125407419612
YDR034C,0.25061594216338712
YDR034C,0.0012648233833811404
YDR034C,0.14669408548027646
YDR034C,0.11188441495846954
YDR034C,0.016087175913030265
YDR034C,0.24164474634893998
YDR034C,0.23730205150193084
YDR034C,0.11421772767600609
YDR034C,0.012212773471234419
YDR034C,0.00023456322113993861
YDR034C,0.2927078792249434
YDR034C,0.052342234066162951
YDR034C,0.024421185849942472
YDR034C,0.053310598993613845
YDR034C,0.026972485776632946
YDR034C,0.23691296925548147
YDR034C,0.0068192473199474753
YDR034C,0.29609004932583893
YDR034C,0.016369579106806156
YDR034C,0.11520733777873129
YDR034C,0.16148577413339235
YDR034C,0.032932563465586095
YDR034C,0.02114697275432776
YDR034C,0.081479494813961009
YDR034C,0.047079292906747186
YDR034C,0.0074731525838763
YDR034C,0.20759600601269862
YDR034C,0.27486020262890432
YDR034C,0.058949761752918974
YDR034C,0.033015556559554904
YDR034C,0.031151137113607383
YDR034C,0.081414475894542135
YDR034C,0.0058445006501310097
YDR034C,0.036153769638388469
YDR034C,0.13613464563224992
YDR034C,0.096578241646132656
YDR034C,0.59398990689676401
YDR034C,0.011734052328594312
YDR034C,0.00023185583053858799
YDR034C,0.16132292242440083
YDR034C,0.18549417086506606
YDR034C,0.12486701057094897
YDR034C,0.14906295999391758
YDR034C,0.47758795397741755
YDR034C,0.0034643920569759337
YDR034C,0.019016024176713452
YDR034C,0.12162866360900434
YDR034C,0.0074446129750047572
YDR034C,0.0095662539272675182
YDR034C,0.0030575341784658001
YDR034C,0.062679011943539739
YDR034C,0.010850297773283753
YDR034C,0.12899777354406508
YDR034C,0.012200179811311542
YDR034C,0.10021273675862338
YDR034C,0.044938127177926286
YDR034C,0.080386814301406109
YDR034C,0.1826307319669869
YDR034C,0.064567245093105977
YDR034C,0.1171095687233687
YDR034C,0.058000125035158452
YDR034C,0.043107620331763713
YDR034C,0.0011076079692576572
YDR034C,0.47493114943992754
YDR034C,0.024156110425109924
YDR034C,0.24718062635366461
YDR034C,0.48202027093627553
YDR034C,0.004722353268735548
YDR034C,0.26134504212566168
YDR034C,0.010383931418453493
YDR034C,0.17248633383425918
YDR034C,0.04367605094945131
YDR034C,0.0027501384232373567
YDR034C,0.072928842766222246
YDR034C,0.30913804305961395
YDR034C,0.0091153620257132355
YDR034C,0.25658659992289062
YDR034C,0.11991961398879936
YDR034C,0.05757715278240752
YDR034C,0.0095512159530817559
YDR034C,0.06695078699565811
YDR034C,0.37207006624914341
YDR034C,0.032189822512932537
YDR034C,0.0085008763996251482
YDR034C,0.0025441054557846011
YDR034C,0.16048844663760353
YDR034C,0.21769127660069357
YDR034C,0.58270915207568341
YDR034C,0.44998055499151324
YDR034C,0.15072389084001953
YDR034C,0.23897696334370774
YDR034C,0.0051649936777922231
YDR034C,0.17058648345795846
YDR034C,0.072466734122201976
YDR034C,0.0010578403931331671
YDR034C,0.00083217609888461914
YDR034C,0.0050172403362346808
YDR034C,0.22005382929801087
YDR034C,0.42260403252825746
YDR034C,0.0029755344187925347
YDR034C,0.061192361710468927
YDR034C,0.022069263832681103
YDR034C,0.87206826639629431
YDR034C,0.089740175572572689
YDR034C,0.044441364299615087
YDR034C,0.13450552325582246
YDR034C,0.014500032561760979
YDR034C,0.6192052728605002
YDR034C,0.029224152238129981
YDR034C,0.11021475836065364
YDR034C,0.20422604734539848
YDR034C,0.10751534416725159
YDR034C,0.55359817184500582
YDR034C,0.09196609738164134
YDR034C,0.0018192139533353194
YDR034C,0.058864401982432812
YDR034C,0.13463914950023653
YDR034C,0.0025621984176114445
YDR034C,0.015159121306493197
YDR034C,0.3757495305721934
YDR034C,0.034016292423471151
YDR034C,0.17977906829755275
YDR034C,0.044829768810880896
YDR034C,0.051938019619789437
YDR034C,0.32147893171023695
YDR034C,0.38307237319371273
YDR034C,0.081211768907104964
YDR034C,0.31725336963396389
YDR034C,0.20761908691786823
YDR034C,0.0029254463538911681
YDR034C,0.039294039403153999
YDR034C,0.048668729980940059
YDR034C,0.16605989208886573
YDR034C,0.021690385060064734
YDR034C,0.0061714432147283935
YDR034C,0.034283214130622276
YDR034C,0.13557341239884094
YDR034C,0.0053850316817937709
YDR034C,0.0036123207692106596
YDR034C,0.10106629787946805
YDR034C,0.2409269567429044
YDR034C,0.12491470508415854
YDR034C,0.2411191223000117
YDR034C,0.017547639276659088
YDR034C,0.046169313452788935
YDR034C,0.047453400552556126
YDR034C,0.10985107773797105
YDR034C,0.031458527049717994
YDR034C,0.34566821062117509
YDR034C,0.35043565336475968
YDR034C,0.01038017240862042
YDR034C,0.274499526614575
YDR034C,0.010680716723221786
YDR034C,0.11251230060283822
YDR034C,0.0011160018465366031
YDR034C,0.00046630143186691503
YDR034C,0.0066868808180266855
YDR034C,0.07740444854872712
YDR034C,0.0068607198447302809
YDR034C,0.12022326954162446
YDR034C,0.016433307845424662
YDR034C,0.14988227915519017
YDR034C,0.00036196801523993957
YDR034C,0.067954823262337635
YDR034C,0.045901694395951639
YDR034C,0.00064960504557570883
YDR034C,0.011325612073229383
YDR034C,0.10914631491710657
YDR034C,0.010838933816245636
YDR034C,0.015185333857026993
YDR034C,0.23720333652865019
YDR034C,0.011506955284313079
YDR034C,0.029749732687177011
YDR034C,0.0034967773511070401
YDR034C,0.056732086015228451
YDR034C,0.32954236297434619
YDR034C,0.22267909567766367
YDR034C,0.10743758977885964
YDR034C,0.31057060726827829
YDR034C,0.18340985357360023
YDR034C,0.032626459907885728
YDR034C,0.095791809348147294
YDR034C,0.091558457032510782
YDR034C,0.24592825910410213
YDR034C,0.00042070901663612749
YDR034C,0.0096931137411696792
YDR034C,0.016476292880500776
